AK-47 | Crane Flight,The Dead Hand Collection,0,1,Classified
AK-47 | Searing Rage,The Fever Collection,0,1,Classified
AK-47 | The Oligarch,The Genesis Collection,0,1,Covert
AK-47 | The Outsiders,The Gallery Collection,0,0.9,Classified
AK-47 | Inheritance,The Kilowatt Collection,0,0.797346,Covert
AK-47 | Hydroponic,The Rising Sun Collection,0,0.8,Classified
AK-47 | Cartel,The Chroma Collection,0,0.75,Classified
AK-47 | Case Hardened,The Arms Deal Collection,0,1,Classified
AK-47 | Phantom Disruptor,The Prisma 2 Collection,0,0.65,Classified
AK-47 | Neon Revolution,The Gamma 2 Collection,0,0.8,Covert
AK-47 | Legion of Anubis,The Fracture Collection,0,0.7,Covert
AK-47 | Asiimov,The Danger Zone Collection,0.05,0.7,Covert
AK-47 | Uncharted,The Prisma Collection,0,0.75,Mil-Spec Grade
AK-47 | Redline,The Phoenix Collection,0.1,0.7,Classified
AK-47 | Ice Coaled,The Recoil Collection,0,0.77,Classified
AK-47 | Aquamarine Revenge,The Falchion Collection,0,1,Covert
AK-47 | Elite Build,The Chroma 2 Collection,0,1,Mil-Spec Grade
AK-47 | Nightwish,The Dreams & Nightmares Collection,0,1,Covert
AK-47 | Point Disarray,The Revolver Case Collection,0,0.67,Classified
AK-47 | Vulcan,The Huntsman Collection,0,0.9,Covert
AK-47 | Frontside Misty,The Shadow Collection,0.02,0.87,Classified
AK-47 | Head Shot,The Revolution Collection,0,1,Covert
AK-47 | Wild Lotus,The St. Marc Collection,0,1,Covert
AK-47 | Panthera onca,The Ancient Collection,0,1,Classified
AK-47 | Neon Rider,The Horizon Collection,0,0.8,Covert
AK-47 | X-Ray,The Havoc Collection,0,1,Covert
AK-47 | Fire Serpent,The Bravo Collection,0.06,0.76,Covert
AK-47 | Crossfade,The Graphic Design Collection,0,0.5,Mil-Spec Grade
AK-47 | First Class,The Baggage Collection,0,1,Restricted
AK-47 | B the Monster,The Overpass 2024 Collection,0,0.8,Covert
AK-47 | Jaguar,The eSports 2014 Summer Collection,0,1,Covert
AK-47 | Emerald Pinstripe,The Bank Collection,0,1,Restricted
AK-47 | Wasteland Rebel,The Vanguard Collection,0.05,0.7,Covert
AK-47 | Jet Set,The Baggage Collection,0,1,Classified
AK-47 | Leet Museo,The Operation Riptide Collection,0,0.65,Covert
AK-47 | Bloodsport,The Spectrum Collection,0,0.45,Covert
AK-47 | The Empress,The Spectrum 2 Collection,0,1,Covert
AK-47 | Gold Arabesque,The 2021 Dust 2 Collection,0,0.7,Covert
AK-47 | Rat Rod,The Shattered Web Collection,0,1,Restricted
AK-47 | Slate,The Snakebite Collection,0,1,Restricted
AK-47 | Steel Delta,The Anubis Collection,0,0.73,Mil-Spec Grade
AK-47 | Fuel Injector,The Wildfire Collection,0,1,Covert
AK-47 | Orbit Mk01,The Operation Hydra Collection,0,0.55,Restricted
AK-47 | Aphrodite,Limited Edition Item,0,1,Covert
AK-47 | Olive Polycam,The Sport & Field Collection,0,0.5,Industrial Grade
AK-47 | Blue Laminate,The eSports 2013 Winter Collection,0.02,0.4,Restricted
AK-47 | Black Laminate,The Vertigo Collection,0.06,0.8,Mil-Spec Grade
AK-47 | Green Laminate,The 2021 Vertigo Collection,0.02,0.4,Mil-Spec Grade
AK-47 | Red Laminate,The eSports 2013 Collection,0.06,0.8,Classified
AK-47 | Safety Net,The 2018 Inferno Collection,0,0.6,Restricted
AK-47 | Baroque Purple,The Canals Collection,0,1,Industrial Grade
AK-47 | Nouveau Rouge,The Radiant Collection,0,1,Classified
AK-47 | Breakthrough,The Achroma Collection,0,0.75,Restricted
AK-47 | Midnight Laminate,The Ascent Collection,0,0.75,Restricted
AK-47 | Wintergreen,The Boreal Collection,0,0.75,Mil-Spec Grade
AK-47 | VariCamo Grey,The Boreal Collection,0,0.671875,Industrial Grade
AK-47 | Safari Mesh,The Dust 2 Collection,0.06,0.8,Industrial Grade
AK-47 | Jungle Spray,The Aztec Collection,0.06,0.8,Industrial Grade
AK-47 | Predator,The Dust Collection,0.06,0.8,Industrial Grade
AUG | Amber Fade,The 2021 Train Collection,0,0.4,Mil-Spec Grade
AUG | Death by Puppy,The CS20 Collection,0,0.4,Classified
AUG | Ricochet,The Revolver Case Collection,0,0.8,Mil-Spec Grade
AUG | Midnight Lily,The St. Marc Collection,0,0.5,Restricted
AUG | Random Access,The 2018 Nuke Collection,0,0.5,Restricted
AUG | Surveillance,The Control Collection,0,0.6,Consumer Grade
AUG | Carved Jade,The Ancient Collection,0,0.2,Mil-Spec Grade
AUG | Flame Jörmungandr,The Norse Collection,0,0.5,Restricted
AUG | Anodized Navy,The Alpha Collection,0,0.08,Mil-Spec Grade
AUG | Hot Rod,The Assault Collection,0,0.08,Mil-Spec Grade
AUG | Steel Sentinel,The Train 2025 Collection,0,1,Industrial Grade
AUG | Luxe Trim,The Gallery Collection,0,0.9,Mil-Spec Grade
AUG | Trigger Discipline,The Genesis Collection,0,1,Mil-Spec Grade
AUG | Akihabara Accept,The Rising Sun Collection,0,1,Covert
AUG | Chameleon,The Phoenix Collection,0,0.5,Covert
AUG | Momentum,The Prisma Collection,0.05,1,Classified
AUG | Triqua,The Spectrum 2 Collection,0,1,Mil-Spec Grade
AUG | Torque,The Huntsman Collection,0,0.5,Restricted
AUG | Fleet Flock,The Chroma 3 Collection,0,1,Classified
AUG | Arctic Wolf,The Shattered Web Collection,0,0.7,Restricted
AUG | Eye of Zapems,The Overpass 2024 Collection,0,0.85,Restricted
AUG | Aristocrat,The Gamma Collection,0,0.66,Restricted
AUG | Plague,The Operation Riptide Collection,0,0.76,Mil-Spec Grade
AUG | Sand Storm,The 2021 Mirage Collection,0,0.5,Restricted
AUG | Stymphalian,The Clutch Collection,0,0.63,Classified
AUG | Syd Mead,The Gamma 2 Collection,0,0.8,Classified
AUG | Tom Cat,The Prisma 2 Collection,0,0.8,Mil-Spec Grade
AUG | Lil' Pig,The Graphic Design Collection,0,0.8,Classified
AUG | Amber Slipstream,The Horizon Collection,0,0.55,Mil-Spec Grade
AUG | Copperhead,The Dust Collection,0.12,0.38,Mil-Spec Grade
AUG | Spalted Wood,The 2021 Dust 2 Collection,0,0.48,Industrial Grade
AUG | Snake Pit,The Anubis Collection,0,0.55,Consumer Grade
AUG | Wings,The Arms Deal Collection,0,0.14,Mil-Spec Grade
AUG | Commando Company,The Boreal Collection,0,0.65,Consumer Grade
AUG | Navy Murano,The Canals Collection,0,1,Consumer Grade
AUG | Bengal Tiger,The eSports 2014 Summer Collection,0.06,0.8,Classified
AUG | Contractor,The Italy Collection,0.06,0.8,Consumer Grade
AUG | Colony,The Mirage Collection,0.06,0.8,Consumer Grade
AUG | Storm,The Lake Collection,0.06,0.8,Consumer Grade
AUG | Creep,The Achroma Collection,0,0.8,Mil-Spec Grade
AUG | Daedalus,The Gods and Monsters Collection,0,0.55,Consumer Grade
AUG | Condemned,The Safehouse Collection,0.06,0.8,Industrial Grade
AUG | Sweeper,The 2018 Inferno Collection,0,0.6,Consumer Grade
AUG | Radiation Hazard,The Cache Collection,0,0.55,Industrial Grade
AWP | Fade,The Control Collection,0,0.08,Covert
AWP | Man-o'-war,The Chroma Collection,0.1,0.2,Covert
AWP | PAW,The Horizon Collection,0,0.5,Restricted
AWP | Graphite,The Bravo Collection,0,0.12,Classified
AWP | Lightning Strike,The Arms Deal Collection,0,0.08,Covert
AWP | Silk Tiger,The Havoc Collection,0,0.6,Classified
AWP | Worm God,The Chroma 2 Collection,0,0.45,Restricted
AWP | Ice Coaled,The Genesis Collection,0,1,Classified
AWP | LongDog,The Train 2025 Collection,0,1,Covert
AWP | Printstream,The Fever Collection,0,1,Covert
AWP | Queen's Gambit,The Dead Hand Collection,0,1,Covert
AWP | Chrome Cannon,The Kilowatt Collection,0,1,Covert
AWP | Asiimov,The Phoenix Collection,0.18,1,Covert
AWP | Chromatic Aberration,The Recoil Collection,0,0.7,Covert
AWP | Redline,The Winter Offensive Collection,0.1,0.4,Classified
AWP | Oni Taiji,The Operation Hydra Collection,0,0.5,Covert
AWP | Hyper Beast,The Falchion Collection,0,1,Covert
AWP | Elite Build,The Wildfire Collection,0,1,Classified
AWP | Neo-Noir,The Danger Zone Collection,0,0.5,Covert
AWP | Fever Dream,The Spectrum Collection,0,0.55,Classified
AWP | Capillary,The Prisma 2 Collection,0.05,0.7,Mil-Spec Grade
AWP | Atheris,The Prisma Collection,0,1,Restricted
AWP | Containment Breach,The Shattered Web Collection,0,1,Covert
AWP | Wildfire,The CS20 Collection,0.01,0.7,Covert
AWP | Corticera,The eSports 2014 Summer Collection,0.06,0.3,Classified
AWP | Dragon Lore,The Cobblestone Collection,0,0.7,Covert
AWP | Medusa,The Gods and Monsters Collection,0,1,Covert
AWP | Crakow!,The Overpass 2024 Collection,0,1,Classified
AWP | Green Energy,The Boreal Collection,0,0.75,Classified
AWP | Mortis,The Clutch Collection,0,0.64,Classified
AWP | The Prince,The Canals Collection,0,0.6,Covert
AWP | Exoskeleton,The Operation Broken Fang Collection,0,1,Restricted
AWP | Gungnir,The Norse Collection,0,0.6,Covert
AWP | Desert Hydra,The 2021 Mirage Collection,0,0.6,Covert
AWP | Duality,The Revolution Collection,0,0.8,Classified
AWP | Phobos,The Gamma Collection,0,0.4,Restricted
AWP | Black Nile,The Anubis Collection,0,0.75,Mil-Spec Grade
AWP | CMYK,The Graphic Design Collection,0,0.8,Covert
AWP | BOOM,The eSports 2013 Collection,0.06,0.28,Classified
AWP | Pink DDPAT,The Overpass Collection,0.06,0.8,Restricted
AWP | Electric Hive,The eSports 2013 Winter Collection,0,0.4,Classified
AWP | Acheron,The 2018 Nuke Collection,0,0.83,Mil-Spec Grade
AWP | Pit Viper,The Italy Collection,0.08,0.5,Restricted
AWP | POP AWP,The 2021 Train Collection,0,0.44,Restricted
AWP | Arsenic Spill,The Radiant Collection,0,0.501961,Mil-Spec Grade
AWP | Sun in Leo,The Gods and Monsters Collection,0,0.5,Industrial Grade
AWP | Exothermic,The Harlequin Collection,0,0.7,Restricted
AWP | The End,The Achroma Collection,0,1,Classified
AWP | Safari Mesh,The Lake Collection,0.06,0.8,Industrial Grade
AWP | Snake Camo,The Dust Collection,0.06,0.8,Mil-Spec Grade
PP-Bizon | Breaker Box,The 2021 Vertigo Collection,0,0.44,Industrial Grade
PP-Bizon | Carbon Fiber,The Vertigo Collection,0,0.12,Industrial Grade
PP-Bizon | Cobalt Halftone,The Winter Offensive Collection,0.05,0.45,Mil-Spec Grade
PP-Bizon | Brass,The Dust 2 Collection,0,1,Mil-Spec Grade
PP-Bizon | Rust Coat,The Alpha Collection,0,1,Mil-Spec Grade
PP-Bizon | RMX,The Dead Hand Collection,0,1,Mil-Spec Grade
PP-Bizon | Osiris,The Breakout Collection,0,0.5,Restricted
PP-Bizon | High Roller,The Spectrum 2 Collection,0,1,Classified
PP-Bizon | Antique,The Huntsman Collection,0,0.5,Restricted
PP-Bizon | Photic Zone,The Wildfire Collection,0,1,Mil-Spec Grade
PP-Bizon | Judgement of Anubis,The Chroma 3 Collection,0,0.5,Covert
PP-Bizon | Fuel Rod,The Revolver Case Collection,0,1,Restricted
PP-Bizon | Night Riot,The Clutch Collection,0,0.8,Mil-Spec Grade
PP-Bizon | Embargo,The Shattered Web Collection,0,1,Restricted
PP-Bizon | Space Cat,The Dreams & Nightmares Collection,0,0.67,Restricted
PP-Bizon | Lumen,The Operation Riptide Collection,0,0.77,Mil-Spec Grade
PP-Bizon | Runic,The Fracture Collection,0,1,Mil-Spec Grade
PP-Bizon | Harvester,The Gamma Collection,0,1,Mil-Spec Grade
PP-Bizon | Bamboo Print,The Rising Sun Collection,0,0.8,Consumer Grade
PP-Bizon | Jungle Slipstream,The Spectrum Collection,0,0.5,Mil-Spec Grade
PP-Bizon | Facility Sketch,The 2018 Nuke Collection,0,0.5,Consumer Grade
PP-Bizon | Modern Hunter,The Militia Collection,0.06,0.8,Mil-Spec Grade
PP-Bizon | Anolis,The 2021 Mirage Collection,0,0.5,Consumer Grade
PP-Bizon | Death Rattle,The Havoc Collection,0.08,0.5,Consumer Grade
PP-Bizon | Blue Streak,The eSports 2014 Summer Collection,0.06,0.8,Restricted
PP-Bizon | Night Ops,The Lake Collection,0,0.6,Industrial Grade
PP-Bizon | Water Sigil,The eSports 2013 Winter Collection,0,0.5,Mil-Spec Grade
PP-Bizon | Wood Block Camo,The Radiant Collection,0,0.6,Consumer Grade
PP-Bizon | Bizoom,The Achroma Collection,0,0.58,Consumer Grade
PP-Bizon | Thermal Currents,The Harlequin Collection,0,0.6,Consumer Grade
PP-Bizon | Seabird,The St. Marc Collection,0,0.5,Consumer Grade
PP-Bizon | Chemical Green,The Cache Collection,0,0.9,Industrial Grade
PP-Bizon | Candy Apple,The 2018 Inferno Collection,0,0.3,Industrial Grade
PP-Bizon | Forest Leaves,The Militia Collection,0.06,0.8,Consumer Grade
PP-Bizon | Irradiated Alert,The Nuke Collection,0.06,0.8,Consumer Grade
PP-Bizon | Sand Dashed,The Italy Collection,0.06,0.8,Consumer Grade
PP-Bizon | Urban Dashed,The Train Collection,0.06,0.8,Consumer Grade
PP-Bizon | Cold Cell,The Sport & Field Collection,0,0.4,Industrial Grade
CZ75-Auto | Army Sheen,The Chop Shop Collection,0,0.3,Consumer Grade
CZ75-Auto | Copper Fiber,The Train 2025 Collection,0,0.563291,Industrial Grade
CZ75-Auto | Emerald Quartz,The Norse Collection,0,0.7,Mil-Spec Grade
CZ75-Auto | Polymer,The Glove Collection,0,0.5,Mil-Spec Grade
CZ75-Auto | Tread Plate,The Arms Deal 3 Collection,0,0.2,Restricted
CZ75-Auto | The Fuschia Is Now,The Arms Deal 3 Collection,0,0.4,Classified
CZ75-Auto | Twist,The Huntsman Collection,0,1,Mil-Spec Grade
CZ75-Auto | Poison Dart,The Huntsman Collection,0,0.7,Mil-Spec Grade
CZ75-Auto | Chalice,The Cobblestone Collection,0,0.1,Restricted
CZ75-Auto | Emerald,The Chop Shop Collection,0,0.08,Mil-Spec Grade
CZ75-Auto | Silver,The Ancient Collection,0,0.08,Industrial Grade
CZ75-Auto | Victoria,The Arms Deal 3 Collection,0,0.75,Covert
CZ75-Auto | Slalom,The Graphic Design Collection,0,0.57,Restricted
CZ75-Auto | Tigris,The Breakout Collection,0,1,Restricted
CZ75-Auto | Distressed,The Prisma 2 Collection,0,1,Mil-Spec Grade
CZ75-Auto | Eco,The Horizon Collection,0,1,Restricted
CZ75-Auto | Pole Position,The Chroma 2 Collection,0,0.7,Restricted
CZ75-Auto | Circaetus,The Snakebite Collection,0,0.9,Mil-Spec Grade
CZ75-Auto | Yellow Jacket,The Falchion Collection,0,1,Classified
CZ75-Auto | Tacticat,The Spectrum 2 Collection,0,0.7,Restricted
CZ75-Auto | Imprint,The Gamma 2 Collection,0,1,Mil-Spec Grade
CZ75-Auto | Vendetta,The Operation Broken Fang Collection,0,1,Mil-Spec Grade
CZ75-Auto | Red Astor,The Chroma 3 Collection,0,1,Restricted
CZ75-Auto | Xiangliu,The Spectrum Collection,0,0.56,Classified
CZ75-Auto | Syndicate,The 2021 Train Collection,0,0.7,Restricted
CZ75-Auto | Hexane,The eSports 2014 Summer Collection,0,0.4,Mil-Spec Grade
CZ75-Auto | Green Plaid,The Baggage Collection,0,0.58,Consumer Grade
CZ75-Auto | Framework,The 2021 Vertigo Collection,0,0.8,Consumer Grade
CZ75-Auto | Crimson Web,The Arms Deal 3 Collection,0.06,0.8,Mil-Spec Grade
CZ75-Auto | Honey Paisley,The Harlequin Collection,0,0.6,Consumer Grade
CZ75-Auto | Indigo,The Canals Collection,0.06,0.8,Consumer Grade
CZ75-Auto | Nitro,The Overpass Collection,0.06,0.8,Mil-Spec Grade
CZ75-Auto | Tuxedo,The Bank Collection,0,0.8,Mil-Spec Grade
CZ75-Auto | Pink Pearl,The Radiant Collection,0,0.7,Consumer Grade
CZ75-Auto | Midnight Palm,The 2021 Mirage Collection,0,0.5,Industrial Grade
CZ75-Auto | Jungle Dashed,The Control Collection,0.06,0.8,Consumer Grade
Desert Eagle | Blaze,The Dust Collection,0,0.08,Restricted
Desert Eagle | Hypnotic,The Arms Deal Collection,0,0.08,Classified
Desert Eagle | Bronze Deco,The Chroma 2 Collection,0,0.46,Mil-Spec Grade
Desert Eagle | Meteorite,The Bank Collection,0,0.18,Mil-Spec Grade
Desert Eagle | Cobalt Disruption,The eSports 2013 Winter Collection,0,0.2,Classified
Desert Eagle | Night Heist,The Havoc Collection,0,0.65,Mil-Spec Grade
Desert Eagle | Emerald Jörmungandr,The Norse Collection,0,0.5,Restricted
Desert Eagle | The Bronze,The Control Collection,0,0.3,Industrial Grade
Desert Eagle | Golden Koi,The Bravo Collection,0,0.12,Covert
Desert Eagle | Sunset Storm 壱,The Rising Sun Collection,0,0.75,Restricted
Desert Eagle | Midnight Storm,The Rising Sun Collection,0,0.75,Industrial Grade
Desert Eagle | Sunset Storm 弐,The Rising Sun Collection,0,0.75,Restricted
Desert Eagle | Heat Treated,Limited Edition Item,0,1,Classified
Desert Eagle | Corinthian,The Revolver Case Collection,0,0.44,Mil-Spec Grade
Desert Eagle | Naga,The Chroma Collection,0,1,Restricted
Desert Eagle | Directive,The Gamma 2 Collection,0.06,1,Restricted
Desert Eagle | Kumicho Dragon,The Wildfire Collection,0,0.76,Classified
Desert Eagle | Heirloom,The Arms Deal 3 Collection,0,0.8,Restricted
Desert Eagle | Hand Cannon,The Cobblestone Collection,0.01,0.7,Restricted
Desert Eagle | Pilot,The Baggage Collection,0,1,Restricted
Desert Eagle | Printstream,The Fracture Collection,0,0.8,Covert
Desert Eagle | Trigger Discipline,The Snakebite Collection,0,0.97,Restricted
Desert Eagle | Conspiracy,The Breakout Collection,0,0.3,Classified
Desert Eagle | Ocean Drive,The Operation Riptide Collection,0,1,Covert
Desert Eagle | Blue Ply,The Prisma 2 Collection,0,1,Mil-Spec Grade
Desert Eagle | Oxide Blaze,The Spectrum Collection,0,0.5,Mil-Spec Grade
Desert Eagle | Starcade,The Graphic Design Collection,0,0.75,Classified
Desert Eagle | Tilted,The Overpass 2024 Collection,0,0.75,Industrial Grade
Desert Eagle | Calligraffiti,The Gallery Collection,0,1,Mil-Spec Grade
Desert Eagle | Firebreathing,The Dead Hand Collection,0,1,Restricted
Desert Eagle | Serpent Strike,The Fever Collection,0,0.57,Restricted
Desert Eagle | Code Red,The Horizon Collection,0,1,Covert
Desert Eagle | Light Rail,The Prisma Collection,0,0.9,Restricted
Desert Eagle | Fennec Fox,The 2021 Mirage Collection,0,0.8,Classified
Desert Eagle | Mecha Industries,The Danger Zone Collection,0,0.6,Classified
Desert Eagle | Mint Fan,The Ascent Collection,0,0.6,Mil-Spec Grade
Desert Eagle | Urban DDPAT,The Overpass Collection,0.06,0.8,Industrial Grade
Desert Eagle | Mudder,The Lake Collection,0.06,0.8,Industrial Grade
Desert Eagle | Urban Rubble,The Train Collection,0,0.5,Mil-Spec Grade
Desert Eagle | Crimson Web,The eSports 2014 Summer Collection,0.06,0.8,Restricted
Desert Eagle | The Daily Deagle,The Achroma Collection,0,0.58,Mil-Spec Grade
Desert Eagle | Night,The Chop Shop Collection,0.06,0.8,Industrial Grade
Desert Eagle | Mulberry,The Radiant Collection,0,0.75,Restricted
Desert Eagle | Sputnik,The 2021 Train Collection,0,0.5,Mil-Spec Grade
Dual Berettas | Cobalt Quartz,The Lake Collection,0,0.4,Restricted
Dual Berettas | Heist,The Havoc Collection,0,0.7,Consumer Grade
Dual Berettas | Hemoglobin,The Arms Deal 2 Collection,0,0.2,Restricted
Dual Berettas | Emerald,The Canals Collection,0,0.08,Mil-Spec Grade
Dual Berettas | Anodized Navy,The Inferno Collection,0,0.08,Mil-Spec Grade
Dual Berettas | Cartel,The Wildfire Collection,0,1,Mil-Spec Grade
Dual Berettas | Stained,The Italy Collection,0,1,Industrial Grade
Dual Berettas | Flora Carnivora,The Recoil Collection,0,1,Restricted
Dual Berettas | Twin Turbo,The 2018 Inferno Collection,0,1,Classified
Dual Berettas | Dualing Dragons,The Shadow Collection,0,1,Mil-Spec Grade
Dual Berettas | Melondrama,The Dreams & Nightmares Collection,0,1,Classified
Dual Berettas | Urban Shock,The Chroma Collection,0,0.47,Restricted
Dual Berettas | Sweet Little Angels,The Overpass 2024 Collection,0,0.82,Restricted
Dual Berettas | Retribution,The Huntsman Collection,0,0.45,Mil-Spec Grade
Dual Berettas | Black Limba,The Bravo Collection,0.06,0.8,Mil-Spec Grade
Dual Berettas | Hideout,The Kilowatt Collection,0,0.698529,Mil-Spec Grade
Dual Berettas | Angel Eyes,The Genesis Collection,0,1,Restricted
Dual Berettas | Hydro Strike,The Gallery Collection,0,0.801418,Restricted
Dual Berettas | Royal Consorts,The Glove Collection,0,1,Restricted
Dual Berettas | Tread,The Operation Riptide Collection,0,1,Mil-Spec Grade
Dual Berettas | Elite 1.6,The CS20 Collection,0,0.7,Mil-Spec Grade
Dual Berettas | Dezastre,The Operation Broken Fang Collection,0,1,Restricted
Dual Berettas | Balance,The Shattered Web Collection,0,1,Mil-Spec Grade
Dual Berettas | Cobra Strike,The Operation Hydra Collection,0,0.6,Classified
Dual Berettas | Ventilators,The Chroma 3 Collection,0,0.45,Mil-Spec Grade
Dual Berettas | Duelist,The Chop Shop Collection,0,1,Restricted
Dual Berettas | Pyre,The Norse Collection,0.06,0.55,Industrial Grade
Dual Berettas | Marina,The Winter Offensive Collection,0.05,0.5,Restricted
Dual Berettas | Switch Board,The Control Collection,0,0.65,Industrial Grade
Dual Berettas | Briar,The Cobblestone Collection,0,0.22,Consumer Grade
Dual Berettas | Moon in Libra,The Gods and Monsters Collection,0,0.5,Consumer Grade
Dual Berettas | Panther,The Arms Deal 3 Collection,0,0.58,Mil-Spec Grade
Dual Berettas | Contractor,The Safehouse Collection,0.06,0.8,Consumer Grade
Dual Berettas | Colony,The Train Collection,0.06,0.8,Consumer Grade
Dual Berettas | Demolition,The Vertigo Collection,0.26,0.6,Restricted
Dual Berettas | BorDeux,The Radiant Collection,0,0.8,Consumer Grade
Dual Berettas | Polished Malachite,The Boreal Collection,0,0.8,Industrial Grade
Dual Berettas | Silver Pour,The Achroma Collection,0,0.678431,Consumer Grade
Dual Berettas | Rose Nacre,The Ascent Collection,0,0.7,Industrial Grade
Dual Berettas | Drift Wood,The 2021 Mirage Collection,0,0.6,Industrial Grade
Dual Berettas | Shred,The Horizon Collection,0,0.5,Mil-Spec Grade
Dual Berettas | Oil Change,The 2021 Vertigo Collection,0,0.5,Consumer Grade
FAMAS | Faulty Wiring,The 2021 Vertigo Collection,0,0.5,Consumer Grade
FAMAS | Neural Net,The Falchion Collection,0,0.6,Restricted
FAMAS | Meltdown,The 2021 Train Collection,0,0.4,Classified
FAMAS | Styx,The Cache Collection,0,0.6,Restricted
FAMAS | Prime Conspiracy,The Control Collection,0,0.55,Restricted
FAMAS | Dark Water,The Ancient Collection,0.1,0.26,Mil-Spec Grade
FAMAS | Sergeant,The Phoenix Collection,0.1,1,Restricted
FAMAS | Valence,The Wildfire Collection,0,0.8,Restricted
FAMAS | Djinn,The Chroma 2 Collection,0,1,Classified
FAMAS | Afterimage,The eSports 2013 Winter Collection,0.02,0.4,Classified
FAMAS | Waters of Nephthys,The Anubis Collection,0,0.7,Classified
FAMAS | Survivor Z,The Shadow Collection,0,0.6,Mil-Spec Grade
FAMAS | Decommissioned,The CS20 Collection,0,1,Mil-Spec Grade
FAMAS | Eye of Athena,The Horizon Collection,0,0.7,Classified
FAMAS | Pulse,The Winter Offensive Collection,0,0.4,Restricted
FAMAS | ZX Spectron,The Operation Riptide Collection,0,1,Restricted
FAMAS | Bad Trip,The Fever Collection,0,1,Covert
FAMAS | Meow 36,The Recoil Collection,0,1,Mil-Spec Grade
FAMAS | Commemoration,The CS20 Collection,0,0.5,Covert
FAMAS | Mecha Industries,The Glove Collection,0,0.5,Classified
FAMAS | Roll Cage,The Gamma 2 Collection,0,1,Covert
FAMAS | Rapid Eye Movement,The Dreams & Nightmares Collection,0,1,Classified
FAMAS | Half Sleeve,The Sport & Field Collection,0,1,Industrial Grade
FAMAS | 2A2F,The Train 2025 Collection,0,0.86,Mil-Spec Grade
FAMAS | Halftone Wash,The Graphic Design Collection,0,0.5,Industrial Grade
FAMAS | Hexane,The Arms Deal 2 Collection,0,0.4,Mil-Spec Grade
FAMAS | Doomkitty,The eSports 2013 Collection,0.08,0.22,Mil-Spec Grade
FAMAS | Cyanospatter,The Lake Collection,0.06,0.8,Industrial Grade
FAMAS | CaliCamo,The 2021 Mirage Collection,0,0.6,Industrial Grade
FAMAS | Byproduct,The Harlequin Collection,0,0.55,Consumer Grade
FAMAS | Colony,The Italy Collection,0.06,0.8,Consumer Grade
FAMAS | Yeti Camo,The Ascent Collection,0,0.7,Mil-Spec Grade
FAMAS | Vendetta,The Achroma Collection,0,0.6,Industrial Grade
FAMAS | Grey Ghost,The Radiant Collection,0,0.637288,Industrial Grade
FAMAS | Crypsis,The Prisma Collection,0,0.55,Mil-Spec Grade
FAMAS | Macabre,The Operation Hydra Collection,0,0.6,Mil-Spec Grade
FAMAS | Night Borre,The Norse Collection,0,0.55,Consumer Grade
FAMAS | Teardown,The Safehouse Collection,0,0.6,Mil-Spec Grade
FAMAS | Sundown,The St. Marc Collection,0,0.6,Mil-Spec Grade
FAMAS | Spitfire,The Alpha Collection,0.06,0.8,Restricted
FAMAS | Contrast Spray,The Office Collection,0.06,0.8,Consumer Grade
FAMAS | Palm,The Boreal Collection,0,0.75,Consumer Grade
Five-SeveN | Berries And Cherries,The Control Collection,0,0.1,Restricted
Five-SeveN | Copper Galaxy,The Arms Deal 3 Collection,0,0.2,Restricted
Five-SeveN | Silver Quartz,The Safehouse Collection,0,0.4,Mil-Spec Grade
Five-SeveN | Anodized Gunmetal,The Alpha Collection,0,0.08,Consumer Grade
Five-SeveN | Fowl Play,The Breakout Collection,0,1,Classified
Five-SeveN | Heat Treated,The Sport & Field Collection,0,1,Restricted
Five-SeveN | Scumbria,The Gamma 2 Collection,0,1,Mil-Spec Grade
Five-SeveN | Case Hardened,The Arms Deal 2 Collection,0,1,Restricted
Five-SeveN | Angry Mob,The Prisma Collection,0,0.7,Covert
Five-SeveN | Violent Daimyo,The Gamma Collection,0,0.7,Mil-Spec Grade
Five-SeveN | Fairy Tale,The Operation Broken Fang Collection,0.02,0.9,Classified
Five-SeveN | Scrawl,The Dreams & Nightmares Collection,0,1,Mil-Spec Grade
Five-SeveN | Triumvirate,The Wildfire Collection,0,0.61,Restricted
Five-SeveN | Monkey Business,The Chroma 2 Collection,0.1,0.9,Classified
Five-SeveN | Buddy,The CS20 Collection,0,0.55,Restricted
Five-SeveN | Hyper Beast,The Operation Hydra Collection,0,1,Covert
Five-SeveN | Retrobution,The Revolver Case Collection,0,1,Restricted
Five-SeveN | Urban Hazard,The Vanguard Collection,0,0.25,Mil-Spec Grade
Five-SeveN | Capillary,The Spectrum Collection,0,0.7,Mil-Spec Grade
Five-SeveN | Fall Hazard,The 2021 Vertigo Collection,0.01,0.52,Classified
Five-SeveN | Hybrid,The Kilowatt Collection,0,1,Restricted
Five-SeveN | Dark Polymer,The Dead Hand Collection,0,1,Mil-Spec Grade
Five-SeveN | Boost Protocol,The Operation Riptide Collection,0,0.41,Restricted
Five-SeveN | Flame Test,The Clutch Collection,0,0.65,Mil-Spec Grade
Five-SeveN | Crimson Blossom,The St. Marc Collection,0,0.5,Mil-Spec Grade
Five-SeveN | Coolant,The 2018 Nuke Collection,0,0.5,Consumer Grade
Five-SeveN | Nightshade,The eSports 2013 Winter Collection,0,0.5,Mil-Spec Grade
Five-SeveN | Forest Night,The Train Collection,0.06,0.8,Consumer Grade
Five-SeveN | Kami,The Winter Offensive Collection,0,0.3,Mil-Spec Grade
Five-SeveN | Neon Kimono,The Rising Sun Collection,0,0.8,Restricted
Five-SeveN | Midnight Paintover,The Overpass 2024 Collection,0,0.5,Industrial Grade
Five-SeveN | Hot Shot,The Cache Collection,0,1,Industrial Grade
Five-SeveN | Jungle,The Aztec Collection,0.06,0.8,Consumer Grade
Five-SeveN | Nitro,The Chop Shop Collection,0.06,0.8,Mil-Spec Grade
Five-SeveN | Contractor,The Mirage Collection,0.06,0.8,Consumer Grade
Five-SeveN | Candy Apple,The Assault Collection,0,0.3,Industrial Grade
Five-SeveN | Sky Blue,The Ascent Collection,0,0.6,Industrial Grade
Five-SeveN | Fraise Crane,The Harlequin Collection,0,0.65,Mil-Spec Grade
Five-SeveN | Autumn Thicket,The Radiant Collection,0,0.636986,Consumer Grade
Five-SeveN | Withered Vine,The 2021 Dust 2 Collection,0,0.5,Industrial Grade
Five-SeveN | Orange Peel,The Dust 2 Collection,0.06,0.8,Industrial Grade
G3SG1 | Ancient Ritual,The Ancient Collection,0,0.76,Industrial Grade
G3SG1 | Murky,The Vanguard Collection,0,0.25,Mil-Spec Grade
G3SG1 | Violet Murano,The Canals Collection,0,0.5,Mil-Spec Grade
G3SG1 | Chronos,The Gods and Monsters Collection,0,0.4,Restricted
G3SG1 | Black Sand,The Shattered Web Collection,0,0.8,Mil-Spec Grade
G3SG1 | The Executioner,The Revolver Case Collection,0.14,0.85,Classified
G3SG1 | Dream Glade,The Dreams & Nightmares Collection,0,1,Restricted
G3SG1 | Keeping Tabs,The Operation Riptide Collection,0,0.7,Mil-Spec Grade
G3SG1 | High Seas,The Horizon Collection,0,0.7,Restricted
G3SG1 | Hunter,The Spectrum 2 Collection,0,1,Mil-Spec Grade
G3SG1 | Digital Mesh,The Operation Broken Fang Collection,0,0.8,Mil-Spec Grade
G3SG1 | Flux,The Shadow Collection,0,0.9,Classified
G3SG1 | Scavenger,The Danger Zone Collection,0,0.65,Restricted
G3SG1 | Ventilator,The Gamma 2 Collection,0,0.45,Mil-Spec Grade
G3SG1 | Stinger,The Glove Collection,0,0.7,Restricted
G3SG1 | Polar Camo,The Train Collection,0.06,0.8,Consumer Grade
G3SG1 | Arctic Camo,The Office Collection,0.06,0.8,Industrial Grade
G3SG1 | Demeter,The Bravo Collection,0.06,0.8,Mil-Spec Grade
G3SG1 | Desert Storm,The Dust 2 Collection,0.06,0.8,Consumer Grade
G3SG1 | Orange Kimono,The Rising Sun Collection,0,0.8,Consumer Grade
G3SG1 | VariCamo,The Safehouse Collection,0,0.6,Industrial Grade
G3SG1 | Green Apple,The Bank Collection,0,0.3,Industrial Grade
G3SG1 | Contractor,The Baggage Collection,0.06,0.8,Consumer Grade
G3SG1 | Red Jasper,The Radiant Collection,0,0.637288,Consumer Grade
G3SG1 | Orange Crash,The Chroma 3 Collection,0,0.52,Mil-Spec Grade
G3SG1 | Green Cell,The Boreal Collection,0,0.65,Consumer Grade
G3SG1 | Safari Mesh,The Mirage Collection,0.06,0.8,Consumer Grade
G3SG1 | New Roots,The 2021 Dust 2 Collection,0,0.55,Mil-Spec Grade
G3SG1 | Jungle Dashed,The Lake Collection,0.06,0.8,Consumer Grade
G3SG1 | Azure Zebra,The eSports 2013 Winter Collection,0,0.28,Mil-Spec Grade
Galil AR | Amber Fade,The 2021 Dust 2 Collection,0,0.4,Mil-Spec Grade
Galil AR | Aqua Terrace,The Rising Sun Collection,0,0.7,Mil-Spec Grade
Galil AR | Blue Titanium,The eSports 2013 Winter Collection,0,0.04,Mil-Spec Grade
Galil AR | Rainbow Spoon,The Sport & Field Collection,0,0.554422,Classified
Galil AR | Cerberus,The Cache Collection,0,0.9,Restricted
Galil AR | Chatterbox,The Chroma Collection,0.35,0.85,Covert
Galil AR | Black Sand,The Glove Collection,0,1,Mil-Spec Grade
Galil AR | Sugar Rush,The Operation Hydra Collection,0,0.55,Classified
Galil AR | Chromatic Aberration,The Snakebite Collection,0,1,Classified
Galil AR | Destroyer,The Recoil Collection,0,0.7,Mil-Spec Grade
Galil AR | Eco,The Chroma 2 Collection,0.1,0.85,Classified
Galil AR | Rocket Pop,The Falchion Collection,0,1,Mil-Spec Grade
Galil AR | NV,The Graphic Design Collection,0,0.47,Industrial Grade
Galil AR | Sandstorm,The Winter Offensive Collection,0.1,0.6,Mil-Spec Grade
Galil AR | Control,The Fever Collection,0,0.798995,Restricted
Galil AR | Galigator,The Dead Hand Collection,0,1,Restricted
Galil AR | Stone Cold,The Shadow Collection,0,0.9,Restricted
Galil AR | Connexion,The Fracture Collection,0,0.8,Restricted
Galil AR | Vandal,The Operation Broken Fang Collection,0,1,Mil-Spec Grade
Galil AR | Firefight,The Chroma 3 Collection,0,1,Restricted
Galil AR | Shattered,The Bravo Collection,0.06,0.8,Mil-Spec Grade
Galil AR | Orange DDPAT,The eSports 2013 Collection,0.06,0.8,Restricted
Galil AR | Winter Forest,The Office Collection,0.06,0.8,Industrial Grade
Galil AR | Kami,The Huntsman Collection,0,0.6,Mil-Spec Grade
Galil AR | Signal,The Danger Zone Collection,0,0.5,Restricted
Galil AR | Cold Fusion,The 2018 Nuke Collection,0,0.83,Industrial Grade
Galil AR | Dusk Ruins,The Ancient Collection,0,0.6,Mil-Spec Grade
Galil AR | VariCamo,The Safehouse Collection,0,0.6,Industrial Grade
Galil AR | Urban Rubble,The Chop Shop Collection,0,0.5,Industrial Grade
Galil AR | Sky Mandala,The Harlequin Collection,0,0.7,Mil-Spec Grade
Galil AR | Acid Dart,The Boreal Collection,0,0.6,Industrial Grade
Galil AR | Green Apple,The Train 2025 Collection,0,0.3,Industrial Grade
Galil AR | Tuxedo,The Bank Collection,0,0.8,Mil-Spec Grade
Galil AR | Tornado,The Norse Collection,0.06,0.8,Consumer Grade
Galil AR | Grey Smoke,The Ascent Collection,0,0.6,Consumer Grade
Galil AR | O-Ranger,The Radiant Collection,0,0.75,Industrial Grade
Galil AR | Robin's Egg,The Ascent Collection,0,0.6,Industrial Grade
Galil AR | Akoben,The Prisma Collection,0,0.75,Mil-Spec Grade
Galil AR | CAUTION!,The 2021 Vertigo Collection,0,0.55,Restricted
Galil AR | Crimson Tsunami,The Spectrum Collection,0,0.55,Restricted
Galil AR | Hunting Blind,The Mirage Collection,0,0.6,Consumer Grade
Galil AR | Metallic Squeezer,The Overpass 2024 Collection,0,0.6,Mil-Spec Grade
Galil AR | Phoenix Blacklight,The Havoc Collection,0,0.7,Restricted
Galil AR | Sage Spray,The Lake Collection,0.06,0.8,Consumer Grade
Glock-18 | Fade,The Assault Collection,0,0.08,Restricted
Glock-18 | Moonrise,The Clutch Collection,0,0.65,Restricted
Glock-18 | High Beam,The 2018 Inferno Collection,0,0.08,Industrial Grade
Glock-18 | Twilight Galaxy,The Chop Shop Collection,0,0.2,Classified
Glock-18 | Steel Disruption,The eSports 2014 Summer Collection,0,0.2,Restricted
Glock-18 | Dragon Tattoo,The Arms Deal Collection,0,0.08,Restricted
Glock-18 | Gamma Doppler,The 2021 Train Collection,0,0.5,Covert
Glock-18 | Gamma Doppler,The 2021 Train Collection,0,0.5,Covert
Glock-18 | Gamma Doppler,The 2021 Train Collection,0,0.5,Covert
Glock-18 | Gamma Doppler,The 2021 Train Collection,0,0.5,Covert
Glock-18 | Gamma Doppler,The 2021 Train Collection,0,0.5,Covert
Glock-18 | Reactor,The Cache Collection,0,1,Mil-Spec Grade
Glock-18 | Nuclear Garden,The 2018 Nuke Collection,0,0.7,Restricted
Glock-18 | Brass,The Dust Collection,0,1,Restricted
Glock-18 | Bunsen Burner,The Falchion Collection,0,0.8,Mil-Spec Grade
Glock-18 | Grinder,The Vanguard Collection,0.02,0.25,Restricted
Glock-18 | Ironwork,The Glove Collection,0,1,Mil-Spec Grade
Glock-18 | Water Elemental,The Breakout Collection,0,0.7,Classified
Glock-18 | Oxide Blaze,The Danger Zone Collection,0,0.85,Mil-Spec Grade
Glock-18 | Bullet Queen,The Prisma 2 Collection,0,1,Covert
Glock-18 | Weasel,The Gamma 2 Collection,0,1,Restricted
Glock-18 | Catacombs,The Chroma Collection,0,0.5,Mil-Spec Grade
Glock-18 | Vogue,The Fracture Collection,0,0.75,Classified
Glock-18 | Sacrifice,The CS20 Collection,0,1,Mil-Spec Grade
Glock-18 | Off World,The Spectrum 2 Collection,0,1,Mil-Spec Grade
Glock-18 | Umbral Rabbit,The Revolution Collection,0,0.75,Restricted
Glock-18 | Neo-Noir,The Operation Broken Fang Collection,0,1,Covert
Glock-18 | Ramese's Reach,The Anubis Collection,0,1,Restricted
Glock-18 | Snack Attack,The Operation Riptide Collection,0,1,Classified
Glock-18 | Wasteland Rebel,The Gamma Collection,0,0.54,Covert
Glock-18 | Franklin,The Havoc Collection,0,0.4,Restricted
Glock-18 | Block-18,The Kilowatt Collection,0,0.671875,Restricted
Glock-18 | Gold Toof,The Gallery Collection,0,0.730496,Covert
Glock-18 | Fully Tuned,The Dead Hand Collection,0,1,Covert
Glock-18 | Mirror Mosaic,The Genesis Collection,0,1,Classified
Glock-18 | Shinobu,The Fever Collection,0,1,Classified
Glock-18 | Green Line,The Train 2025 Collection,0,1,Mil-Spec Grade
Glock-18 | Royal Legion,The Wildfire Collection,0,1,Restricted
Glock-18 | Wraiths,The Shadow Collection,0,0.8,Mil-Spec Grade
Glock-18 | Winterized,The Recoil Collection,0,1,Mil-Spec Grade
Glock-18 | Clear Polymer,The Snakebite Collection,0,1,Mil-Spec Grade
Glock-18 | Warhawk,The Horizon Collection,0,1,Mil-Spec Grade
Glock-18 | AXIA,The Sport & Field Collection,0,0.7,Classified
Glock-18 | Trace Lock,The Achroma Collection,0,0.7,Restricted
Glock-18 | Blue Fissure,The Arms Deal 3 Collection,0.06,0.58,Mil-Spec Grade
Glock-18 | Pink DDPAT,The 2021 Mirage Collection,0.06,0.8,Restricted
Glock-18 | Synth Leaf,The St. Marc Collection,0,0.7,Restricted
Glock-18 | Death Rattle,The Bank Collection,0.08,0.5,Industrial Grade
Glock-18 | Teal Graf,The Overpass 2024 Collection,0,0.5,Mil-Spec Grade
Glock-18 | Ocean Topo,The Ascent Collection,0,0.6,Industrial Grade
Glock-18 | Night,The Overpass Collection,0.06,0.8,Industrial Grade
Glock-18 | Groundwater,The Mirage Collection,0.06,0.8,Industrial Grade
Glock-18 | Candy Apple,The Italy Collection,0,0.3,Mil-Spec Grade
Glock-18 | Sand Dune,The Alpha Collection,0.06,0.8,Industrial Grade
Glock-18 | Coral Bloom,The Radiant Collection,0,0.752941,Mil-Spec Grade
Glock-18 | Red Tire,The 2021 Vertigo Collection,0,0.55,Industrial Grade
Glock-18 | Glockingbird,The Boreal Collection,0,0.67,Restricted
P2000 | Amber Fade,The Dust 2 Collection,0,0.4,Restricted
P2000 | Space Race,The 2021 Train Collection,0,0.6,Restricted
P2000 | Panther Camo,The Ancient Collection,0,0.5,Industrial Grade
P2000 | Chainmail,The Cobblestone Collection,0,0.22,Mil-Spec Grade
P2000 | Dispatch,The Control Collection,0,0.65,Mil-Spec Grade
P2000 | Ocean Foam,The Bravo Collection,0,0.12,Classified
P2000 | Imperial,The Revolver Case Collection,0,0.2,Mil-Spec Grade
P2000 | Scorpion,The Dust Collection,0,0.08,Restricted
P2000 | Silver,The Office Collection,0,0.08,Mil-Spec Grade
P2000 | Acid Etched,The Prisma 2 Collection,0,1,Restricted
P2000 | Handgun,The Falchion Collection,0,1,Restricted
P2000 | Gnarled,The Fracture Collection,0,1,Mil-Spec Grade
P2000 | Corticera,The eSports 2014 Summer Collection,0.06,0.3,Classified
P2000 | Coach Class,The Baggage Collection,0,1,Industrial Grade
P2000 | Wicked Sick,The Revolution Collection,0,1,Classified
P2000 | Fire Elemental,The Vanguard Collection,0,0.6,Covert
P2000 | Woodsman,The Operation Hydra Collection,0,0.8,Restricted
P2000 | Ivory,The Breakout Collection,0,1,Mil-Spec Grade
P2000 | Obsidian,The Shattered Web Collection,0,1,Restricted
P2000 | Pulse,The Huntsman Collection,0,0.6,Mil-Spec Grade
P2000 | Urban Hazard,The Clutch Collection,0,1,Mil-Spec Grade
P2000 | Lifted Spirits,The Dreams & Nightmares Collection,0,1,Mil-Spec Grade
P2000 | Turf,The Glove Collection,0,1,Mil-Spec Grade
P2000 | Imperial Dragon,The Gamma Collection,0,0.63,Classified
P2000 | Coral Halftone,The Graphic Design Collection,0,0.52,Industrial Grade
P2000 | Granite Marbleized,The Italy Collection,0.06,0.8,Industrial Grade
P2000 | Oceanic,The Chroma 3 Collection,0,0.6,Mil-Spec Grade
P2000 | Red FragCam,The Arms Deal 3 Collection,0,0.7,Mil-Spec Grade
P2000 | Red Wing,The Genesis Collection,0,1,Mil-Spec Grade
P2000 | Sure Grip,The Fever Collection,0,0.9,Mil-Spec Grade
P2000 | Grassland,The Overpass Collection,0.06,0.8,Industrial Grade
P2000 | Grip Tape,The Achroma Collection,0,0.75,Mil-Spec Grade
P2000 | Marsh,The Boreal Collection,0,0.6,Industrial Grade
P2000 | Pathfinder,The Gods and Monsters Collection,0,0.35,Industrial Grade
P2000 | Grassland Leaves,The Militia Collection,0.06,0.8,Industrial Grade
P2000 | Royal Baroque,The Ascent Collection,0,0.6,Mil-Spec Grade
M249 | Aztec,The CS20 Collection,0,0.75,Restricted
M249 | Magma,The Winter Offensive Collection,0,0.7,Mil-Spec Grade
M249 | Deep Relief,The Operation Broken Fang Collection,0,1,Mil-Spec Grade
M249 | Downtown,The Recoil Collection,0,0.65,Restricted
M249 | Submerged,The Anubis Collection,0.02,0.8,Consumer Grade
M249 | System Lock,The Chroma Collection,0,0.8,Mil-Spec Grade
M249 | Spectre,The Chroma 3 Collection,0,0.5,Mil-Spec Grade
M249 | O.S.I.P.R.,The Snakebite Collection,0,0.7,Mil-Spec Grade
M249 | Nebula Crusader,The Shadow Collection,0,1,Restricted
M249 | Warbird,The Shattered Web Collection,0.05,0.65,Mil-Spec Grade
M249 | Spectrogram,The Graphic Design Collection,0,0.5,Industrial Grade
M249 | Blizzard Marbleized,The Office Collection,0.06,0.8,Industrial Grade
M249 | Jungle DDPAT,The Alpha Collection,0.06,0.8,Consumer Grade
M249 | Shipping Forecast,The Gods and Monsters Collection,0,0.5,Industrial Grade
M249 | Sleet,The Achroma Collection,0,0.7,Consumer Grade
M249 | Sage Camo,The Boreal Collection,0,0.6,Consumer Grade
M249 | Bock Blocks,The Dead Hand Collection,0,1,Mil-Spec Grade
M249 | Hypnosis,The Gallery Collection,0,1,Mil-Spec Grade
M249 | Jungle,The St. Marc Collection,0.06,0.8,Consumer Grade
M249 | Impact Drill,The Chop Shop Collection,0,1,Consumer Grade
M249 | Emerald Poison Dart,The Spectrum Collection,0,0.45,Restricted
M249 | Gator Mesh,The Safehouse Collection,0,0.6,Industrial Grade
M249 | Humidor,The 2021 Mirage Collection,0,0.5,Mil-Spec Grade
M249 | Midnight Palm,The 2021 Dust 2 Collection,0,0.5,Industrial Grade
M249 | Contrast Spray,The Overpass Collection,0.06,0.8,Consumer Grade
M249 | Predator,The Havoc Collection,0.06,0.8,Consumer Grade
M4A4 | Mainframe,The 2018 Nuke Collection,0,0.5,Industrial Grade
M4A4 | Daybreak,The Rising Sun Collection,0,0.6,Restricted
M4A4 | Bullet Rain,The eSports 2014 Summer Collection,0.02,0.46,Covert
M4A4 | Global Offensive,The Control Collection,0,0.7,Mil-Spec Grade
M4A4 | Asiimov,The Winter Offensive Collection,0.18,1,Covert
M4A4 | 龍王 (Dragon King),The Chroma Collection,0,0.75,Classified
M4A4 | Cyber Security,The Operation Broken Fang Collection,0,0.98,Classified
M4A4 | Desolate Space,The Gamma Collection,0,1,Classified
M4A4 | Poly Mag,The Recoil Collection,0,1,Mil-Spec Grade
M4A4 | Evil Daimyo,The Falchion Collection,0,0.52,Restricted
M4A4 | Griffin,The Vanguard Collection,0,0.8,Restricted
M4A4 | Hellfire,The Operation Hydra Collection,0,0.5,Classified
M4A4 | In Living Color,The Snakebite Collection,0,0.79,Covert
M4A4 | Neo-Noir,The Clutch Collection,0,0.9,Covert
M4A4 | Tooth Fairy,The Fracture Collection,0,0.73,Classified
M4A4 | Temukau,The Revolution Collection,0,0.8,Covert
M4A4 | Hellish,The Train 2025 Collection,0,1,Classified
M4A4 | Poseidon,The Gods and Monsters Collection,0,0.33,Classified
M4A4 | Desert-Strike,The Huntsman Collection,0,0.7,Covert
M4A4 | X-Ray,The eSports 2013 Winter Collection,0,0.3,Covert
M4A4 | Spider Lily,The Operation Riptide Collection,0,1,Restricted
M4A4 | Magnesium,The Danger Zone Collection,0,1,Mil-Spec Grade
M4A4 | The Coalition,The 2021 Train Collection,0,1,Covert
M4A4 | The Emperor,The Prisma Collection,0,0.8,Covert
M4A4 | The Battlestar,The Wildfire Collection,0,0.64,Covert
M4A4 | Eye of Horus,The Anubis Collection,0,0.7,Covert
M4A4 | Royal Paladin,The Revolver Case Collection,0,0.8,Covert
M4A4 | Buzz Kill,The Glove Collection,0,0.7,Covert
M4A4 | Steel Work,The Radiant Collection,0,0.7,Industrial Grade
M4A4 | Urban DDPAT,The Train Collection,0.06,0.8,Industrial Grade
M4A4 | Red DDPAT,The 2021 Dust 2 Collection,0,0.5,Restricted
M4A4 | Desert Storm,The Dust Collection,0.06,0.8,Industrial Grade
M4A4 | Modern Hunter,The Militia Collection,0.06,0.8,Restricted
M4A4 | Converter,The 2018 Inferno Collection,0,0.4,Mil-Spec Grade
M4A4 | Jungle Tiger,The Aztec Collection,0.06,0.8,Industrial Grade
M4A4 | Aeolian Dark,The Achroma Collection,0,0.65,Industrial Grade
M4A4 | Naval Shred Camo,The Ascent Collection,0,0.6,Industrial Grade
M4A4 | Turbine,The Gallery Collection,0,0.85,Restricted
M4A4 | Choppa,The Fever Collection,0,1,Mil-Spec Grade
M4A4 | Full Throttle,The Genesis Collection,0,1,Covert
M4A4 | Etch Lord,The Kilowatt Collection,0,1,Restricted
M4A4 | Zubastick,The Dead Hand Collection,0,1,Mil-Spec Grade
M4A1-S | Fade,The Sport & Field Collection,0,0.08,Covert
M4A1-S | Moss Quartz,The Norse Collection,0,0.5,Industrial Grade
M4A1-S | Atomic Alloy,The Huntsman Collection,0,0.9,Classified
M4A1-S | Blue Phosphor,The Control Collection,0,0.08,Classified
M4A1-S | Knight,The Cobblestone Collection,0,0.1,Classified
M4A1-S | Dark Water,The Arms Deal Collection,0.1,0.26,Restricted
M4A1-S | Hot Rod,The Chop Shop Collection,0,0.08,Classified
M4A1-S | Basilisk,The Vanguard Collection,0,0.68,Restricted
M4A1-S | Guardian,The Winter Offensive Collection,0,0.5,Classified
M4A1-S | Master Piece,The Overpass Collection,0,1,Classified
M4A1-S | Flashback,The Glove Collection,0,1,Restricted
M4A1-S | Hyper Beast,The Chroma 2 Collection,0,1,Covert
M4A1-S | Welcome to the Jungle,The Ancient Collection,0,1,Covert
M4A1-S | Player Two,The Prisma 2 Collection,0,0.84,Covert
M4A1-S | Cyrex,The Breakout Collection,0,0.5,Covert
M4A1-S | Emphorosaur-S,The Revolution Collection,0,0.8,Restricted
M4A1-S | Briefing,The Operation Hydra Collection,0,0.8,Mil-Spec Grade
M4A1-S | Nightmare,The Horizon Collection,0,1,Classified
M4A1-S | Printstream,The Operation Broken Fang Collection,0,0.8,Covert
M4A1-S | Chantico's Fire,The Chroma 3 Collection,0,0.99,Covert
M4A1-S | Stratosphere,The Ascent Collection,0,0.8,Classified
M4A1-S | Decimator,The Spectrum Collection,0,0.85,Classified
M4A1-S | Mecha Industries,The Gamma Collection,0,0.8,Covert
M4A1-S | Leaded Glass,The Spectrum 2 Collection,0,0.7,Classified
M4A1-S | Imminent Danger,The 2021 Vertigo Collection,0,0.8,Covert
M4A1-S | Night Terror,The Dreams & Nightmares Collection,0,0.7,Restricted
M4A1-S | Mud-Spec,The Anubis Collection,0,0.73,Industrial Grade
M4A1-S | Control Panel,The 2018 Nuke Collection,0,1,Classified
M4A1-S | Golden Coil,The Shadow Collection,0,1,Covert
M4A1-S | Glitched Paint,The Radiant Collection,0,0.67,Restricted
M4A1-S | Boreal Forest,The Italy Collection,0.06,0.8,Industrial Grade
M4A1-S | Rose Hex,The Radiant Collection,0,0.5,Mil-Spec Grade
M4A1-S | Icarus Fell,The Gods and Monsters Collection,0,0.1,Restricted
M4A1-S | Bright Water,The Bravo Collection,0.1,0.22,Restricted
M4A1-S | Wash me plz,The Overpass 2024 Collection,0,0.58,Industrial Grade
M4A1-S | Blood Tiger,The Arms Deal 2 Collection,0,0.3,Mil-Spec Grade
M4A1-S | VariCamo,The Dust 2 Collection,0,0.6,Mil-Spec Grade
M4A1-S | Party Animal,The Harlequin Collection,0,0.6,Classified
M4A1-S | Black Lotus,The Kilowatt Collection,0,0.7,Classified
M4A1-S | Electrum,The Dead Hand Collection,0,1,Restricted
M4A1-S | Liquidation,The Genesis Collection,0,1,Restricted
M4A1-S | Vaporwave,The Gallery Collection,0,0.597321,Covert
M4A1-S | Nitro,The Safehouse Collection,0.06,0.8,Restricted
M4A1-S | Solitude,Limited Edition Item,0,0.7,Classified
M4A1-S | Fizzy POP,The 2021 Train Collection,0,0.57,Mil-Spec Grade
M4A4 | Tornado,The Inferno Collection,0.06,0.8,Industrial Grade
M4A4 | Polysoup,The Graphic Design Collection,0,0.64,Restricted
M4A4 | Dark Blossom,The St. Marc Collection,0,0.5,Industrial Grade
M4A4 | Radiation Hazard,The Nuke Collection,0.06,0.8,Mil-Spec Grade
M4A4 | Zirka,The Bravo Collection,0.06,0.42,Restricted
M4A4 | Faded Zebra,The eSports 2013 Collection,0.06,0.8,Mil-Spec Grade
M4A4 | Sheet Lightning,The Boreal Collection,0,0.75,Restricted
MAC-10 | Fade,The Chop Shop Collection,0,0.08,Mil-Spec Grade
MAC-10 | Amber Fade,The Mirage Collection,0,0.4,Mil-Spec Grade
MAC-10 | Last Dive,The Spectrum Collection,0,0.52,Restricted
MAC-10 | Gold Brick,The Ancient Collection,0,0.7,Restricted
MAC-10 | Copper Borre,The Norse Collection,0,0.5,Mil-Spec Grade
MAC-10 | Aloha,The Operation Hydra Collection,0,0.65,Mil-Spec Grade
MAC-10 | Lapis Gator,The Wildfire Collection,0,0.5,Mil-Spec Grade
MAC-10 | Malachite,The Chroma Collection,0,0.5,Restricted
MAC-10 | Oceanic,The Spectrum 2 Collection,0,0.6,Mil-Spec Grade
MAC-10 | Nuclear Garden,The Cache Collection,0,0.7,Mil-Spec Grade
MAC-10 | Red Filigree,The Canals Collection,0,0.5,Restricted
MAC-10 | Silver,The Bank Collection,0,0.08,Industrial Grade
MAC-10 | Graven,The Bravo Collection,0.06,0.8,Restricted
MAC-10 | Carnivore,The Gamma Collection,0,1,Mil-Spec Grade
MAC-10 | Case Hardened,The 2021 Dust 2 Collection,0,1,Restricted
MAC-10 | Tatter,The Huntsman Collection,0,0.5,Restricted
MAC-10 | Commuter,The Baggage Collection,0,1,Industrial Grade
MAC-10 | Rangeen,The Shadow Collection,0,0.5,Mil-Spec Grade
MAC-10 | Curse,The Huntsman Collection,0,0.5,Restricted
MAC-10 | Allure,The Fracture Collection,0,1,Restricted
MAC-10 | Monkeyflage,The Recoil Collection,0,1,Mil-Spec Grade
MAC-10 | Disco Tech,The Prisma 2 Collection,0,1,Classified
MAC-10 | Neon Rider,The Chroma 2 Collection,0,0.45,Covert
MAC-10 | Ensnared,The Dreams & Nightmares Collection,0,0.9,Mil-Spec Grade
MAC-10 | Button Masher,The Snakebite Collection,0,1,Restricted
MAC-10 | Propaganda,The 2021 Train Collection,0,0.62,Classified
MAC-10 | Heat,The Phoenix Collection,0,1,Restricted
MAC-10 | Sakkaku,The Revolution Collection,0.21,0.79,Restricted
MAC-10 | Echoing Sands,The Anubis Collection,0.02,0.8,Industrial Grade
MAC-10 | Toybox,The Operation Riptide Collection,0,1,Classified
MAC-10 | Pipsqueak,The Overpass 2024 Collection,0,0.9,Mil-Spec Grade
MAC-10 | Calf Skin,The 2018 Inferno Collection,0,1,Industrial Grade
MAC-10 | Classic Crate,The CS20 Collection,0,1,Mil-Spec Grade
MAC-10 | Pipe Down,The Danger Zone Collection,0,0.9,Restricted
MAC-10 | Whitefish,The Prisma Collection,0,1,Mil-Spec Grade
MAC-10 | Hot Snakes,The Havoc Collection,0,1,Classified
MAC-10 | Stalker,The Shattered Web Collection,0,1,Covert
MAC-10 | Urban DDPAT,The Vertigo Collection,0.06,0.8,Consumer Grade
MAC-10 | Strats,The 2021 Vertigo Collection,0,0.6,Consumer Grade
MAC-10 | Snow Splash,The Achroma Collection,0,0.6,Industrial Grade
MAC-10 | Acid Hex,The Boreal Collection,0,0.58,Industrial Grade
MAC-10 | Poplar Thicket,The Boreal Collection,0,0.68,Mil-Spec Grade
MAC-10 | Light Box,The Kilowatt Collection,0,1,Mil-Spec Grade
MAC-10 | Cat Fight,The Genesis Collection,0,1,Restricted
MAC-10 | Saibā Oni,The Gallery Collection,0,0.66,Restricted
MAC-10 | Derailment,The Train 2025 Collection,0,0.7,Restricted
MAC-10 | Bronzer,The Radiant Collection,0,0.8,Consumer Grade
MAC-10 | Indigo,The Cobblestone Collection,0.06,0.8,Consumer Grade
MAC-10 | Ultraviolet,The eSports 2014 Summer Collection,0.06,0.8,Mil-Spec Grade
MAC-10 | Candy Apple,The Train Collection,0,0.3,Industrial Grade
MAC-10 | Tornado,The Militia Collection,0.06,0.8,Consumer Grade
MAC-10 | Storm Camo,The Ascent Collection,0,0.637288,Consumer Grade
MAC-10 | Sienna Damask,The 2021 Mirage Collection,0,0.6,Consumer Grade
MAC-10 | Palm,The Dust 2 Collection,0.06,0.8,Industrial Grade
MAC-10 | Surfwood,The St. Marc Collection,0,0.5,Consumer Grade
MAG-7 | Carbon Fiber,The Control Collection,0,0.12,Industrial Grade
MAG-7 | Chainmail,The Norse Collection,0,0.22,Industrial Grade
MAG-7 | Hard Water,The Operation Hydra Collection,0,0.45,Mil-Spec Grade
MAG-7 | Sonar,The Glove Collection,0,0.45,Mil-Spec Grade
MAG-7 | Navy Sheen,The 2021 Mirage Collection,0,0.55,Consumer Grade
MAG-7 | Metallic DDPAT,The Train Collection,0,0.08,Industrial Grade
MAG-7 | Silver,The Cobblestone Collection,0,0.08,Industrial Grade
MAG-7 | SWAG-7,The Clutch Collection,0,0.92,Restricted
MAG-7 | Rust Coat,The 2018 Inferno Collection,0,1,Consumer Grade
MAG-7 | Heaven Guard,The Phoenix Collection,0,0.4,Mil-Spec Grade
MAG-7 | Insomnia,The Revolution Collection,0,1,Mil-Spec Grade
MAG-7 | Monster Call,The Fracture Collection,0,1,Restricted
MAG-7 | Cobalt Core,The Shadow Collection,0,0.5,Mil-Spec Grade
MAG-7 | Foresight,The Dreams & Nightmares Collection,0,0.7,Mil-Spec Grade
MAG-7 | Heat,The Chroma 2 Collection,0,1,Restricted
MAG-7 | Petroglyph,The Gamma 2 Collection,0,0.44,Restricted
MAG-7 | BI83 Spectrum,The Operation Riptide Collection,0,0.6,Restricted
MAG-7 | Cinquedea,The Canals Collection,0,1,Classified
MAG-7 | Copper Coated,The Anubis Collection,0,1,Mil-Spec Grade
MAG-7 | Justice,The Prisma 2 Collection,0,1,Classified
MAG-7 | Popdog,The CS20 Collection,0,0.8,Mil-Spec Grade
MAG-7 | Praetorian,The Wildfire Collection,0,0.45,Restricted
MAG-7 | Counter Terrace,The Rising Sun Collection,0,0.65,Mil-Spec Grade
MAG-7 | Prism Terrace,The 2021 Vertigo Collection,0,0.37,Restricted
MAG-7 | Memento,The eSports 2013 Collection,0.02,0.18,Mil-Spec Grade
MAG-7 | Core Breach,The 2018 Nuke Collection,0,1,Restricted
MAG-7 | Resupply,The Fever Collection,0,1,Mil-Spec Grade
MAG-7 | MAGnitude,The Genesis Collection,0,1,Mil-Spec Grade
MAG-7 | Seabird,The Chop Shop Collection,0,1,Consumer Grade
MAG-7 | Copper Oxide,The Boreal Collection,0,0.65,Consumer Grade
MAG-7 | Sand Dune,The Inferno Collection,0.06,0.8,Consumer Grade
MAG-7 | Storm,The Overpass Collection,0.06,0.8,Consumer Grade
MAG-7 | Bulldozer,The Mirage Collection,0.06,0.8,Restricted
MAG-7 | Wildwood,The Sport & Field Collection,0,0.7,Industrial Grade
MAG-7 | Hazard,The Alpha Collection,0.06,0.8,Mil-Spec Grade
MAG-7 | Firestarter,The Vanguard Collection,0.06,0.49,Mil-Spec Grade
MAG-7 | Irradiated Alert,The Nuke Collection,0.06,0.8,Consumer Grade
MP5-SD | Co-Processor,The 2018 Nuke Collection,0,0.5,Mil-Spec Grade
MP5-SD | Desert Strike,The Prisma 2 Collection,0,1,Mil-Spec Grade
MP5-SD | Liquidation,The Revolution Collection,0,1,Mil-Spec Grade
MP5-SD | Condition Zero,The Operation Broken Fang Collection,0,1,Mil-Spec Grade
MP5-SD | Acid Wash,The Shattered Web Collection,0,0.68,Mil-Spec Grade
MP5-SD | Agent,The CS20 Collection,0,1,Restricted
MP5-SD | Phosphor,The Danger Zone Collection,0,0.8,Classified
MP5-SD | Necro Jr.,The Dreams & Nightmares Collection,0,1,Mil-Spec Grade
MP5-SD | Oxide Oasis,The 2021 Mirage Collection,0,0.55,Classified
MP5-SD | Gauss,The Prisma Collection,0,1,Restricted
MP5-SD | Kitbash,The Fracture Collection,0,0.8,Restricted
MP5-SD | Savannah Halftone,The Sport & Field Collection,0.25,0.75,Industrial Grade
MP5-SD | Bamboo Garden,The St. Marc Collection,0,0.55,Consumer Grade
MP5-SD | Lab Rats,The Blacksite Collection,0,0.35,Restricted
MP5-SD | Autumn Twilly,The 2021 Train Collection,0,0.58,Restricted
MP5-SD | Gold Leaf,The Boreal Collection,0,0.6,Mil-Spec Grade
MP5-SD | Snow Splash,The Achroma Collection,0,0.6,Industrial Grade
MP5-SD | Statics,The Gallery Collection,0,1,Mil-Spec Grade
MP5-SD | Focus,The Genesis Collection,0,1,Mil-Spec Grade
MP5-SD | Nitro,The Control Collection,0.06,0.8,Industrial Grade
MP5-SD | Picnic,The Harlequin Collection,0,0.75,Industrial Grade
MP5-SD | Lime Hex,The Ascent Collection,0,0.638225,Consumer Grade
MP5-SD | Neon Squeezer,The Overpass 2024 Collection,0.2,0.9,Industrial Grade
MP5-SD | Dirt Drop,The 2018 Inferno Collection,0.06,0.8,Consumer Grade
MP7 | Fade,The 2018 Inferno Collection,0,0.25,Restricted
MP7 | Motherboard,The 2018 Nuke Collection,0,0.5,Industrial Grade
MP7 | Vault Heist,The Havoc Collection,0,0.6,Industrial Grade
MP7 | Ocean Foam,The eSports 2014 Summer Collection,0,0.08,Restricted
MP7 | Anodized Navy,The Italy Collection,0,0.08,Mil-Spec Grade
MP7 | Armor Core,The Chroma 2 Collection,0,0.5,Mil-Spec Grade
MP7 | Urban Hazard,The Breakout Collection,0,0.5,Mil-Spec Grade
MP7 | Special Delivery,The Shadow Collection,0,0.62,Restricted
MP7 | Abyssal Apparition,The Dreams & Nightmares Collection,0,1,Classified
MP7 | Guerrilla,The Operation Riptide Collection,0,1,Mil-Spec Grade
MP7 | Nemesis,The Falchion Collection,0,0.32,Classified
MP7 | Mischief,The Prisma Collection,0.1,1,Mil-Spec Grade
MP7 | Neon Ply,The Shattered Web Collection,0,1,Restricted
MP7 | Astrolabe,The Graphic Design Collection,0,1,Industrial Grade
MP7 | Cirrus,The Glove Collection,0,0.75,Mil-Spec Grade
MP7 | Bloodsport,The Clutch Collection,0,0.65,Covert
MP7 | Sunbaked,The Anubis Collection,0,1,Consumer Grade
MP7 | Powercore,The Horizon Collection,0,0.8,Restricted
MP7 | Forest DDPAT,The Bank Collection,0.06,0.8,Consumer Grade
MP7 | Tall Grass,The Ancient Collection,0,0.65,Industrial Grade
MP7 | Gunsmoke,The Overpass Collection,0.06,0.8,Industrial Grade
MP7 | Olive Plaid,The Baggage Collection,0,0.58,Consumer Grade
MP7 | Skulls,The Arms Deal Collection,0.1,0.26,Mil-Spec Grade
MP7 | Full Stop,The Chop Shop Collection,0,0.6,Mil-Spec Grade
MP7 | Coral Paisley,The Harlequin Collection,0,0.65,Industrial Grade
MP7 | Amberline,The Dead Hand Collection,0,1,Restricted
MP7 | Just Smile,The Kilowatt Collection,0,1,Restricted
MP7 | Smoking Kills,The Genesis Collection,0,1,Classified
MP7 | Short Ochre,The Radiant Collection,0,0.746575,Consumer Grade
MP7 | Groundwater,The Alpha Collection,0.06,0.8,Consumer Grade
MP7 | Whiteout,The Office Collection,0.06,0.8,Mil-Spec Grade
MP7 | Teal Blossom,The St. Marc Collection,0,0.5,Mil-Spec Grade
MP7 | Scorched,The Norse Collection,0.06,0.8,Consumer Grade
MP7 | Asterion,The Gods and Monsters Collection,0,0.55,Consumer Grade
MP7 | Impire,The Wildfire Collection,0,0.4,Restricted
MP7 | Akoben,The Spectrum Collection,0,0.7,Mil-Spec Grade
MP7 | Army Recon,The Safehouse Collection,0.06,0.8,Consumer Grade
MP7 | Orange Peel,The Mirage Collection,0.06,0.8,Industrial Grade
MP7 | Prey,The 2021 Dust 2 Collection,0,0.48,Consumer Grade
MP9 | Sand Scale,The Glove Collection,0,0.45,Mil-Spec Grade
MP9 | Mount Fuji,The Operation Riptide Collection,0,0.55,Restricted
MP9 | Pandora's Box,The Gods and Monsters Collection,0,0.3,Mil-Spec Grade
MP9 | Hypnotic,The Arms Deal 2 Collection,0,0.08,Restricted
MP9 | Army Sheen,The Control Collection,0,0.3,Consumer Grade
MP9 | Dark Age,The Cobblestone Collection,0,0.22,Mil-Spec Grade
MP9 | Music Box,The 2021 Mirage Collection,0,0.55,Mil-Spec Grade
MP9 | Bioleak,The Chroma 3 Collection,0,0.5,Mil-Spec Grade
MP9 | Ruby Poison Dart,The Falchion Collection,0,0.5,Restricted
MP9 | Stained Glass,The Canals Collection,0,0.5,Restricted
MP9 | Rose Iron,The Winter Offensive Collection,0,0.3,Restricted
MP9 | Hot Rod,The Mirage Collection,0,0.08,Mil-Spec Grade
MP9 | Black Sand,The Clutch Collection,0,1,Mil-Spec Grade
MP9 | Dart,The Vanguard Collection,0,0.46,Mil-Spec Grade
MP9 | Deadly Poison,The Chroma Collection,0,1,Mil-Spec Grade
MP9 | Food Chain,The Snakebite Collection,0,1,Classified
MP9 | Goo,The Spectrum 2 Collection,0,0.6,Restricted
MP9 | Hydra,The CS20 Collection,0,1,Classified
MP9 | Wild Lily,The St. Marc Collection,0,0.7,Classified
MP9 | Latte Rush,The Train 2025 Collection,0,1,Classified
MP9 | Airlock,The Gamma 2 Collection,0,1,Classified
MP9 | Featherweight,The Revolution Collection,0,1,Mil-Spec Grade
MP9 | Capillary,The Horizon Collection,0,0.7,Mil-Spec Grade
MP9 | Arctic Tri-Tone,The Sport & Field Collection,0,0.6,Restricted
MP9 | Modest Threat,The Danger Zone Collection,0,0.75,Mil-Spec Grade
MP9 | Starlight Protector,The Dreams & Nightmares Collection,0,0.8,Covert
MP9 | Buff Blue,The Ascent Collection,0,0.7,Consumer Grade
MP9 | Multi-Terrain,The Radiant Collection,0,0.6,Consumer Grade
MP9 | Setting Sun,The Cache Collection,0,1,Mil-Spec Grade
MP9 | Green Plaid,The Baggage Collection,0,0.58,Consumer Grade
MP9 | Slide,The 2018 Inferno Collection,0.06,0.8,Consumer Grade
MP9 | Cobalt Paisley,The Ascent Collection,0,0.65,Mil-Spec Grade
MP9 | Shredded,The Radiant Collection,0,0.6,Mil-Spec Grade
MP9 | Nexus,The Fever Collection,0,1,Mil-Spec Grade
MP9 | Urban Sovereign,The Dead Hand Collection,0,1,Restricted
MP9 | Broken Record,The Genesis Collection,0,1,Mil-Spec Grade
MP9 | Storm,The Overpass Collection,0.06,0.8,Consumer Grade
MP9 | Bulldozer,The Assault Collection,0.06,0.8,Restricted
MP9 | Pine,The Boreal Collection,0,0.7,Consumer Grade
MP9 | Dizzy,The Achroma Collection,0,0.65,Consumer Grade
MP9 | Bee-Tron,The Harlequin Collection,0,0.9,Consumer Grade
MP9 | Old Roots,The 2021 Dust 2 Collection,0,0.5,Industrial Grade
MP9 | Dry Season,The Alpha Collection,0.06,0.8,Consumer Grade
MP9 | Orange Peel,The Safehouse Collection,0.06,0.8,Industrial Grade
MP9 | Sand Dashed,The Dust 2 Collection,0.06,0.8,Consumer Grade
Negev | Army Sheen,The Bank Collection,0,0.3,Consumer Grade
Negev | Man-o'-war,The Chroma 2 Collection,0.1,0.2,Mil-Spec Grade
Negev | Anodized Navy,The Assault Collection,0,0.08,Mil-Spec Grade
Negev | Bratatat,The eSports 2014 Summer Collection,0,1,Mil-Spec Grade
Negev | Loudmouth,The Falchion Collection,0.14,0.65,Restricted
Negev | Drop Me,The Recoil Collection,0,1,Mil-Spec Grade
Negev | dev_texture,The Snakebite Collection,0,0.65,Restricted
Negev | Power Loader,The Revolver Case Collection,0,1,Restricted
Negev | Prototype,The Prisma 2 Collection,0,0.7,Mil-Spec Grade
Negev | Desert-Strike,The Breakout Collection,0,0.5,Mil-Spec Grade
Negev | Ultralight,The Fracture Collection,0,0.79,Mil-Spec Grade
Negev | Wall Bang,The Overpass 2024 Collection,0,1,Industrial Grade
Negev | Mjölnir,The Norse Collection,0,0.6,Classified
Negev | Bulkhead,The 2018 Nuke Collection,0,0.5,Industrial Grade
Negev | Dazzle,The Gamma 2 Collection,0.1,0.65,Mil-Spec Grade
Negev | Phoenix Stencil,The Havoc Collection,0,0.65,Mil-Spec Grade
Negev | CaliCamo,The Mirage Collection,0,0.6,Industrial Grade
Negev | Boroque Sand,The Canals Collection,0,1,Consumer Grade
Negev | Infrastructure,The 2021 Vertigo Collection,0,0.49,Mil-Spec Grade
Negev | Raw Ceramic,The Boreal Collection,0,0.75,Consumer Grade
Negev | Sour Grapes,The Ascent Collection,0,0.8,Industrial Grade
Negev | Lionfish,The Clutch Collection,0,0.55,Restricted
Negev | Terrain,The Phoenix Collection,0,0.45,Mil-Spec Grade
Negev | Nuclear Waste,The Cache Collection,0,0.4,Industrial Grade
Negev | Palm,The Alpha Collection,0.06,0.8,Industrial Grade
Nova | Army Sheen,The Ancient Collection,0,0.3,Consumer Grade
Nova | Graphite,The Arms Deal 2 Collection,0,0.12,Restricted
Nova | Red Quartz,The 2021 Train Collection,0,0.4,Restricted
Nova | Gila,The Glove Collection,0,0.3,Restricted
Nova | Caged Steel,The Bank Collection,0,0.2,Industrial Grade
Nova | Baroque Orange,The Canals Collection,0,0.5,Restricted
Nova | Exo,The Gamma Collection,0,0.5,Mil-Spec Grade
Nova | Rust Coat,The Havoc Collection,0,0.8,Industrial Grade
Nova | Antique,The Phoenix Collection,0,0.3,Classified
Nova | Plume,The Shattered Web Collection,0,0.8,Mil-Spec Grade
Nova | Hyper Beast,The Wildfire Collection,0,0.6,Classified
Nova | Koi,The Breakout Collection,0,0.3,Restricted
Nova | Clear Polymer,The Operation Broken Fang Collection,0,1,Restricted
Nova | Ranger,The Falchion Collection,0,1,Mil-Spec Grade
Nova | Toy Soldier,The Horizon Collection,0,1,Restricted
Nova | Wurst Hölle,The Overpass 2024 Collection,0,1,Mil-Spec Grade
Nova | Rising Skull,The Winter Offensive Collection,0,0.5,Restricted
Nova | Bloomstick,The eSports 2014 Summer Collection,0.06,0.8,Classified
Nova | Walnut,The Inferno Collection,0.06,0.8,Consumer Grade
Nova | Wild Six,The Clutch Collection,0,0.8,Restricted
Nova | Wood Fired,The Danger Zone Collection,0,0.75,Mil-Spec Grade
Nova | Sobek's Bite,The Anubis Collection,0,1,Restricted
Nova | Yorkshire,The Sport & Field Collection,0,1,Mil-Spec Grade
Nova | Mandrel,The 2018 Nuke Collection,0,0.5,Consumer Grade
Nova | Blaze Orange,The Militia Collection,0.06,0.8,Mil-Spec Grade
Nova | Modern Hunter,The Militia Collection,0.06,0.8,Mil-Spec Grade
Nova | Tempest,The Bravo Collection,0.06,0.22,Mil-Spec Grade
Nova | Quick Sand,The 2021 Dust 2 Collection,0,0.5,Mil-Spec Grade
Nova | Interlock,The 2021 Vertigo Collection,0,0.5,Mil-Spec Grade
Nova | Moon in Libra,The Gods and Monsters Collection,0,0.5,Consumer Grade
Nova | Currents,The Achroma Collection,0,0.65,Consumer Grade
Nova | Dark Sigil,The Kilowatt Collection,0,0.698529,Mil-Spec Grade
Nova | Ocular,The Genesis Collection,0,1,Restricted
Nova | Rising Sun,The Fever Collection,0,1,Restricted
Nova | Green Apple,The Cobblestone Collection,0,0.3,Industrial Grade
Nova | Candy Apple,The Italy Collection,0,0.3,Industrial Grade
Nova | Sand Dune,The Italy Collection,0.06,0.8,Consumer Grade
Nova | Turquoise Pour,The Ascent Collection,0,0.678431,Industrial Grade
Nova | Marsh Grass,The Radiant Collection,0,0.55,Consumer Grade
Nova | Ghost Camo,The eSports 2013 Winter Collection,0,0.4,Mil-Spec Grade
Nova | Forest Leaves,The Aztec Collection,0.06,0.8,Consumer Grade
Nova | Polar Mesh,The Train Collection,0.06,0.8,Consumer Grade
Nova | Windblown,The Snakebite Collection,0,0.5,Mil-Spec Grade
Nova | Predator,The Dust 2 Collection,0.06,0.8,Consumer Grade
Nova | Rain Station,The Train 2025 Collection,0,0.35,Industrial Grade
P250 | Nevermore,The Danger Zone Collection,0,0.4,Restricted
P250 | Digital Architect,The 2021 Vertigo Collection,0,0.49,Restricted
P250 | Steel Disruption,The eSports 2013 Winter Collection,0,0.2,Mil-Spec Grade
P250 | Undertow,The Arms Deal 3 Collection,0,0.2,Classified
P250 | Ripple,The Spectrum Collection,0,0.5,Mil-Spec Grade
P250 | Dark Filigree,The Canals Collection,0,0.5,Industrial Grade
P250 | Metallic DDPAT,The Train Collection,0,0.08,Industrial Grade
P250 | Cartel,The Vanguard Collection,0,0.75,Classified
P250 | Valence,The Chroma 2 Collection,0,0.8,Mil-Spec Grade
P250 | Verdigris,The Prisma Collection,0,0.7,Mil-Spec Grade
P250 | Constructivist,The Train 2025 Collection,0,0.35,Industrial Grade
P250 | Supernova,The Breakout Collection,0,0.4,Restricted
P250 | Franklin,The Bank Collection,0,0.4,Classified
P250 | Asiimov,The Chroma 3 Collection,0.1,1,Classified
P250 | Red Rock,The Operation Hydra Collection,0,1,Restricted
P250 | Cassette,The Fracture Collection,0,0.6,Mil-Spec Grade
P250 | See Ya Later,The Spectrum 2 Collection,0,0.7,Covert
P250 | Contaminant,The Operation Broken Fang Collection,0,0.7,Mil-Spec Grade
P250 | Muertos,The Chroma Collection,0,0.6,Classified
P250 | Re.built,The Revolution Collection,0,0.9,Mil-Spec Grade
P250 | Mehndi,The Winter Offensive Collection,0,1,Classified
P250 | X-Ray,The X-Ray Collection,0,0.3,Restricted
P250 | Apep's Curse,The Anubis Collection,0,1,Classified
P250 | Vino Primo,The 2018 Inferno Collection,0,1,Restricted
P250 | Cyber Shell,The Snakebite Collection,0,0.85,Restricted
P250 | Inferno,The CS20 Collection,0,0.68,Restricted
P250 | Iron Clad,The Gamma Collection,0.05,0.8,Mil-Spec Grade
P250 | Visions,The Recoil Collection,0,0.7,Classified
P250 | Facility Draft,The 2018 Nuke Collection,0,0.5,Consumer Grade
P250 | Facets,The Alpha Collection,0.06,0.8,Industrial Grade
P250 | Black & Tan,The 2021 Dust 2 Collection,0,0.5,Mil-Spec Grade
P250 | Exchanger,The 2018 Nuke Collection,0,0.5,Mil-Spec Grade
P250 | Boreal Forest,The Lake Collection,0.06,0.8,Consumer Grade
P250 | Forest Night,The Control Collection,0.06,0.8,Consumer Grade
P250 | Gunsmoke,The Inferno Collection,0.06,0.8,Industrial Grade
P250 | Modern Hunter,The Militia Collection,0.06,0.8,Mil-Spec Grade
P250 | Crimson Kimono,The Rising Sun Collection,0,0.8,Industrial Grade
P250 | Contamination,The Cache Collection,0,0.83,Industrial Grade
P250 | Wingshot,The Shadow Collection,0,0.9,Restricted
P250 | Bengal Tiger,The Havoc Collection,0.06,0.8,Mil-Spec Grade
P250 | Hive,The Arms Deal 2 Collection,0,0.3,Mil-Spec Grade
P250 | Sleet,The Achroma Collection,0,0.7,Consumer Grade
P250 | Red Tide,The Radiant Collection,0,0.75,Mil-Spec Grade
P250 | Bullfrog,The Genesis Collection,0,1,Mil-Spec Grade
P250 | Epicenter,The Gallery Collection,0,0.8,Classified
P250 | Kintsugi,The Dead Hand Collection,0,1,Classified
P250 | Copper Oxide,The Boreal Collection,0,0.65,Consumer Grade
P250 | Sand Dune,The Dust 2 Collection,0.06,0.8,Consumer Grade
P250 | Whiteout,The Chop Shop Collection,0.06,0.8,Mil-Spec Grade
P250 | Small Game,The Sport & Field Collection,0,0.7,Mil-Spec Grade
P250 | Sedimentary,The Radiant Collection,0,0.68,Industrial Grade
P250 | Drought,The 2021 Mirage Collection,0,0.44,Consumer Grade
P250 | Mint Kimono,The Rising Sun Collection,0,0.8,Consumer Grade
P250 | Plum Netting,The Ascent Collection,0,0.6,Consumer Grade
P250 | Nuclear Threat,The Nuke Collection,0.06,0.8,Restricted
P250 | Splash,The eSports 2013 Collection,0.06,0.18,Restricted
P250 | Bone Mask,The Mirage Collection,0.06,0.8,Consumer Grade
P90 | Ancient Earth,The Ancient Collection,0,0.5,Consumer Grade
P90 | Astral Jörmungandr,The Norse Collection,0,0.5,Restricted
P90 | Cold Blooded,The Arms Deal 2 Collection,0,0.08,Classified
P90 | Tiger Pit,The Havoc Collection,0,0.5,Mil-Spec Grade
P90 | Baroque Red,The Canals Collection,0,0.5,Mil-Spec Grade
P90 | Module,The Huntsman Collection,0,0.35,Mil-Spec Grade
P90 | Leather,The Baggage Collection,0,1,Industrial Grade
P90 | Death by Kitty,The eSports 2013 Collection,0.08,0.32,Covert
P90 | Emerald Dragon,The Bravo Collection,0.06,0.52,Classified
P90 | Run and Hide,The Ancient Collection,0,1,Classified
P90 | Asiimov,The Breakout Collection,0,0.92,Covert
P90 | Grim,The Gamma 2 Collection,0,0.8,Mil-Spec Grade
P90 | Elite Build,The Falchion Collection,0,1,Mil-Spec Grade
P90 | Nostalgia,The CS20 Collection,0,0.57,Classified
P90 | Off World,The Prisma Collection,0,0.75,Mil-Spec Grade
P90 | ScaraB Rush,The Anubis Collection,0,1,Restricted
P90 | Desert Warfare,The Huntsman Collection,0,0.5,Mil-Spec Grade
P90 | Shapewood,The Revolver Case Collection,0,1,Classified
P90 | Trigon,The Phoenix Collection,0.08,0.75,Classified
P90 | Attack Vector,The Graphic Design Collection,0,0.55,Restricted
P90 | Freight,The Fracture Collection,0,1,Mil-Spec Grade
P90 | Chopper,The Gamma Collection,0,0.6,Restricted
P90 | Neoqueen,The Revolution Collection,0,0.6,Restricted
P90 | Shallow Grave,The Glove Collection,0,0.75,Classified
P90 | Vent Rush,The Recoil Collection,0,0.7,Restricted
P90 | Traction,The Horizon Collection,0,1,Mil-Spec Grade
P90 | Desert Halftone,The Radiant Collection,0,0.65,Consumer Grade
P90 | Facility Negative,The 2018 Nuke Collection,0,0.5,Mil-Spec Grade
P90 | Desert DDPAT,The 2021 Dust 2 Collection,0,0.5,Consumer Grade
P90 | Blind Spot,The eSports 2013 Winter Collection,0,0.5,Restricted
P90 | Death Grip,The Operation Hydra Collection,0,1,Restricted
P90 | Cocoa Rampage,The Operation Broken Fang Collection,0,0.6,Mil-Spec Grade
P90 | Blue Tac,The Ascent Collection,0,0.6,Consumer Grade
P90 | Schematic,The 2021 Vertigo Collection,0,0.5,Mil-Spec Grade
P90 | Virus,The eSports 2014 Summer Collection,0.06,0.8,Restricted
P90 | Aeolian Light,The Achroma Collection,0,0.65,Mil-Spec Grade
P90 | Reef Grief,The Ascent Collection,0,0.6,Mil-Spec Grade
P90 | Mustard Gas,The Boreal Collection,0,0.63,Industrial Grade
P90 | Wave Breaker,The Fever Collection,0,0.950549,Restricted
P90 | Deathgaze,The Dead Hand Collection,0,1,Classified
P90 | Randy Rush,The Gallery Collection,0,0.75,Restricted
P90 | Straight Dimes,The Train 2025 Collection,0,1,Industrial Grade
P90 | Storm,The Cobblestone Collection,0.06,0.8,Consumer Grade
P90 | Sunset Lily,The St. Marc Collection,0,0.5,Industrial Grade
P90 | Scorched,The Mirage Collection,0.06,0.8,Consumer Grade
P90 | Glacier Mesh,The Vertigo Collection,0.06,0.8,Mil-Spec Grade
P90 | Teardown,The Lake Collection,0,0.6,Mil-Spec Grade
P90 | Verdant Growth,The 2021 Mirage Collection,0,0.47,Industrial Grade
P90 | Fallout Warning,The Nuke Collection,0.06,0.8,Industrial Grade
P90 | Wash me,The Overpass 2024 Collection,0,0.5,Industrial Grade
P90 | Sand Spray,The Dust 2 Collection,0.06,0.8,Consumer Grade
P90 | Ash Wood,The Train Collection,0,0.45,Industrial Grade
R8 Revolver | Amber Fade,The Dust 2 Collection,0,0.4,Classified
R8 Revolver | Fade,The Revolver Case Collection,0,0.4,Covert
R8 Revolver | Blaze,The 2021 Train Collection,0,0.08,Mil-Spec Grade
R8 Revolver | Phoenix Marker,The Havoc Collection,0,0.6,Industrial Grade
R8 Revolver | Leafhopper,The Boreal Collection,0,0.65098,Industrial Grade
R8 Revolver | Reboot,The Gamma Collection,0,1,Restricted
R8 Revolver | Survivalist,The Horizon Collection,0,0.7,Mil-Spec Grade
R8 Revolver | Skull Crusher,The Prisma Collection,0.25,0.8,Classified
R8 Revolver | Banana Cannon,The Revolution Collection,0,1,Restricted
R8 Revolver | Bone Forged,The Prisma 2 Collection,0,0.6,Mil-Spec Grade
R8 Revolver | Llama Cannon,The Spectrum 2 Collection,0.03,0.7,Classified
R8 Revolver | Memento,The Shattered Web Collection,0,0.8,Mil-Spec Grade
R8 Revolver | Junk Yard,The Snakebite Collection,0,1,Mil-Spec Grade
R8 Revolver | Inlay,The Anubis Collection,0,0.76,Consumer Grade
R8 Revolver | Crazy 8,The Recoil Collection,0,1,Restricted
R8 Revolver | Grip,The Clutch Collection,0,1,Mil-Spec Grade
R8 Revolver | Desert Brush,The 2021 Dust 2 Collection,0,0.6,Consumer Grade
R8 Revolver | Crimson Web,The Revolver Case Collection,0.06,0.8,Mil-Spec Grade
R8 Revolver | Tango,The Gallery Collection,0,0.851064,Mil-Spec Grade
R8 Revolver | Night,The Ancient Collection,0.06,0.8,Consumer Grade
R8 Revolver | Nitro,The 2018 Inferno Collection,0.06,0.8,Industrial Grade
R8 Revolver | Mauve Aside,The Harlequin Collection,0,0.80339,Consumer Grade
R8 Revolver | Cobalt Grip,The Ascent Collection,0,0.80339,Consumer Grade
R8 Revolver | Dark Chamber,The Achroma Collection,0,0.80339,Industrial Grade
R8 Revolver | Canal Spray,The Canals Collection,0.06,0.6,Consumer Grade
R8 Revolver | Bone Mask,The Bank Collection,0.06,0.8,Consumer Grade
Sawed-Off | Amber Fade,The Train Collection,0,0.4,Mil-Spec Grade
Sawed-Off | Brake Light,The 2018 Inferno Collection,0,0.08,Mil-Spec Grade
Sawed-Off | Copper,The Dust Collection,0,1,Mil-Spec Grade
Sawed-Off | Morris,The Spectrum 2 Collection,0,1,Mil-Spec Grade
Sawed-Off | Highwayman,The Vanguard Collection,0,1,Restricted
Sawed-Off | Zander,The Spectrum Collection,0.05,1,Mil-Spec Grade
Sawed-Off | Rust Coat,The Cobblestone Collection,0,0.8,Industrial Grade
Sawed-Off | First Class,The Baggage Collection,0,0.5,Mil-Spec Grade
Sawed-Off | Limelight,The Gamma Collection,0,1,Restricted
Sawed-Off | Apocalypto,The Prisma 2 Collection,0,1,Restricted
Sawed-Off | Black Sand,The Danger Zone Collection,0,0.9,Mil-Spec Grade
Sawed-Off | Serenity,The Chroma Collection,0,0.5,Restricted
Sawed-Off | Devourer,The Horizon Collection,0,0.8,Classified
Sawed-Off | Kiss♥Love,The Recoil Collection,0,1,Classified
Sawed-Off | The Kraken,The Winter Offensive Collection,0,0.4,Covert
Sawed-Off | Origami,The Chroma 2 Collection,0,0.55,Mil-Spec Grade
Sawed-Off | Spirit Board,The Dreams & Nightmares Collection,0,1,Mil-Spec Grade
Sawed-Off | Wasteland Princess,The Glove Collection,0,0.7,Classified
Sawed-Off | Fubar,The Chroma 3 Collection,0.4,1,Mil-Spec Grade
Sawed-Off | Yorick,The Revolver Case Collection,0,1,Mil-Spec Grade
Sawed-Off | Runoff,The Ascent Collection,0,0.780822,Consumer Grade
Sawed-Off | Mosaico,The Alpha Collection,0.06,0.8,Industrial Grade
Sawed-Off | Bamboo Shadow,The Rising Sun Collection,0,0.6,Consumer Grade
Sawed-Off | Forest DDPAT,The Bank Collection,0.06,0.8,Consumer Grade
Sawed-Off | Orange DDPAT,The eSports 2013 Collection,0.06,0.8,Restricted
Sawed-Off | Parched,The 2021 Dust 2 Collection,0,0.49,Consumer Grade
Sawed-Off | Clay Ambush,The Havoc Collection,0,0.6,Consumer Grade
Sawed-Off | Full Stop,The Italy Collection,0,0.6,Mil-Spec Grade
Sawed-Off | Crimson Batik,The Harlequin Collection,0,0.6,Consumer Grade
Sawed-Off | Fusion,The Dead Hand Collection,0,1,Mil-Spec Grade
Sawed-Off | Analog Input,The Kilowatt Collection,0,0.61886,Restricted
Sawed-Off | Irradiated Alert,The Nuke Collection,0.06,0.8,Consumer Grade
Sawed-Off | Jungle Thicket,The St. Marc Collection,0,0.5,Consumer Grade
Sawed-Off | Snake Camo,The Dust 2 Collection,0.06,0.8,Industrial Grade
Sawed-Off | Sage Spray,The Overpass Collection,0.06,0.8,Consumer Grade
SCAR-20 | Army Sheen,The Chop Shop Collection,0,0.3,Consumer Grade
SCAR-20 | Carbon Fiber,The Train Collection,0,0.12,Industrial Grade
SCAR-20 | Emerald,The Alpha Collection,0,0.08,Restricted
SCAR-20 | Brass,The Norse Collection,0,1,Mil-Spec Grade
SCAR-20 | Grotto,The Chroma Collection,0,0.5,Mil-Spec Grade
SCAR-20 | Blueprint,The Spectrum Collection,0,0.75,Mil-Spec Grade
SCAR-20 | Wild Berry,The Graphic Design Collection,0,0.65,Mil-Spec Grade
SCAR-20 | Cardiac,The Vanguard Collection,0,1,Classified
SCAR-20 | Assault,The CS20 Collection,0,0.62,Mil-Spec Grade
SCAR-20 | Cyrex,The Huntsman Collection,0,0.5,Classified
SCAR-20 | Bloodsport,The Gamma Collection,0,0.45,Classified
SCAR-20 | Enforcer,The Prisma 2 Collection,0,1,Restricted
SCAR-20 | Green Marine,The Shadow Collection,0,0.8,Mil-Spec Grade
SCAR-20 | Powercore,The Gamma 2 Collection,0,1,Restricted
SCAR-20 | Fragments,The Revolution Collection,0,0.78,Mil-Spec Grade
SCAR-20 | Magna Carta,The Control Collection,0,0.6,Mil-Spec Grade
SCAR-20 | Stone Mosaico,The Canals Collection,0.06,0.5,Consumer Grade
SCAR-20 | Splash Jam,The Militia Collection,0.06,0.8,Classified
SCAR-20 | Jungle Slipstream,The Spectrum 2 Collection,0,0.5,Mil-Spec Grade
SCAR-20 | Outbreak,The Revolver Case Collection,0,0.5,Mil-Spec Grade
SCAR-20 | Crimson Web,The Arms Deal 2 Collection,0.06,0.8,Mil-Spec Grade
SCAR-20 | Zinc,The Achroma Collection,0,0.6,Consumer Grade
SCAR-20 | Trail Blazer,The Gallery Collection,0,0.702614,Mil-Spec Grade
SCAR-20 | Caged,The Genesis Collection,0,1,Mil-Spec Grade
SCAR-20 | Short Ochre,The Radiant Collection,0,0.746575,Consumer Grade
SCAR-20 | Contractor,The Safehouse Collection,0.06,0.8,Consumer Grade
SCAR-20 | Storm,The Cobblestone Collection,0.06,0.8,Consumer Grade
SCAR-20 | Sand Mesh,The Dust 2 Collection,0.06,0.8,Consumer Grade
SCAR-20 | Palm,The Dust Collection,0.06,0.8,Industrial Grade
SCAR-20 | Torn,The Shattered Web Collection,0,0.45,Mil-Spec Grade
SCAR-20 | Poultrygeist,The Dreams & Nightmares Collection,0,0.57,Mil-Spec Grade
SG 553 | Desert Blossom,The 2021 Mirage Collection,0,0.49,Mil-Spec Grade
SG 553 | Lush Ruins,The Ancient Collection,0,0.7,Consumer Grade
SG 553 | Hypnotic,The Havoc Collection,0,0.08,Restricted
SG 553 | Army Sheen,The Bank Collection,0,0.3,Consumer Grade
SG 553 | Anodized Navy,The Lake Collection,0,0.08,Mil-Spec Grade
SG 553 | Damascus Steel,The Dust 2 Collection,0,1,Mil-Spec Grade
SG 553 | Traveler,The Baggage Collection,0,1,Industrial Grade
SG 553 | Aerial,The Gamma Collection,0,0.6,Mil-Spec Grade
SG 553 | Atlas,The Chroma 3 Collection,0,0.81,Mil-Spec Grade
SG 553 | Hazard Pay,The 2021 Vertigo Collection,0,0.48,Classified
SG 553 | Dragon Tech,The Recoil Collection,0,0.7,Restricted
SG 553 | Cyberforce,The Revolution Collection,0,0.9,Mil-Spec Grade
SG 553 | Cyrex,The Falchion Collection,0,1,Classified
SG 553 | Darkwing,The Prisma 2 Collection,0,1,Restricted
SG 553 | Pulse,The Phoenix Collection,0.1,0.6,Restricted
SG 553 | Integrale,The 2018 Inferno Collection,0,1,Classified
SG 553 | Colony IV,The Shattered Web Collection,0,1,Classified
SG 553 | Triarch,The Gamma 2 Collection,0,1,Restricted
SG 553 | Berry Gel Coat,The Graphic Design Collection,0,0.8,Mil-Spec Grade
SG 553 | Heavy Metal,The Snakebite Collection,0,1,Mil-Spec Grade
SG 553 | Danger Close,The Danger Zone Collection,0.02,0.8,Mil-Spec Grade
SG 553 | Phantom,The Spectrum 2 Collection,0,0.6,Restricted
SG 553 | Ol' Rusty,The Fracture Collection,0,0.7,Mil-Spec Grade
SG 553 | Tiger Moth,The Revolver Case Collection,0,1,Restricted
SG 553 | Basket Halftone,The Radiant Collection,0,0.6,Industrial Grade
SG 553 | Safari Print,The Harlequin Collection,0,0.7,Consumer Grade
SG 553 | Ultraviolet,The Arms Deal Collection,0.06,0.8,Mil-Spec Grade
SG 553 | Candy Apple,The Canals Collection,0,0.7,Industrial Grade
SG 553 | Tornado,The Assault Collection,0.06,0.8,Consumer Grade
SG 553 | Bulldozer,The Chop Shop Collection,0.06,0.8,Restricted
SG 553 | Night Camo,The Ascent Collection,0,0.795222,Consumer Grade
SG 553 | Barricade,The Norse Collection,0,0.65,Consumer Grade
SG 553 | Bleached,The 2021 Dust 2 Collection,0,0.5,Consumer Grade
SG 553 | Gator Mesh,The Mirage Collection,0,0.6,Industrial Grade
SG 553 | Fallout Warning,The Cache Collection,0,0.8,Industrial Grade
SG 553 | Aloha,The Clutch Collection,0,0.55,Mil-Spec Grade
SG 553 | Wave Spray,The Bravo Collection,0.06,0.8,Mil-Spec Grade
SG 553 | Waves Perforated,The Lake Collection,0.06,0.8,Consumer Grade
SSG 08 | Acid Fade,The Safehouse Collection,0,0.03,Mil-Spec Grade
SSG 08 | Carbon Fiber,The 2021 Vertigo Collection,0,0.12,Industrial Grade
SSG 08 | Threat Detected,The Control Collection,0,0.65,Mil-Spec Grade
SSG 08 | Dark Water,The eSports 2014 Summer Collection,0.1,0.26,Mil-Spec Grade
SSG 08 | Abyss,The Breakout Collection,0,1,Mil-Spec Grade
SSG 08 | Blood in the Water,The Arms Deal 2 Collection,0.06,0.2,Covert
SSG 08 | Parallax,The Operation Broken Fang Collection,0,1,Restricted
SSG 08 | Death's Head,The Operation Hydra Collection,0,0.51,Restricted
SSG 08 | Dragonfire,The Glove Collection,0,0.5,Covert
SSG 08 | Fever Dream,The Prisma 2 Collection,0,0.72,Restricted
SSG 08 | Slashed,The Huntsman Collection,0.15,0.8,Mil-Spec Grade
SSG 08 | Mainframe 001,The Fracture Collection,0,1,Mil-Spec Grade
SSG 08 | Necropos,The Wildfire Collection,0,1,Mil-Spec Grade
SSG 08 | Death Strike,The 2021 Dust 2 Collection,0,0.8,Classified
SSG 08 | Big Iron,The Shadow Collection,0,0.64,Classified
SSG 08 | Bloodshot,The Shattered Web Collection,0.14,0.6,Classified
SSG 08 | Turbo Peek,The Operation Riptide Collection,0,0.6,Classified
SSG 08 | Azure Glyph,The Anubis Collection,0.01,0.99,Industrial Grade
SSG 08 | Ghost Crusader,The Chroma 3 Collection,0,1,Restricted
SSG 08 | Hand Brake,The 2018 Inferno Collection,0,1,Mil-Spec Grade
SSG 08 | Zeno,The Sport & Field Collection,0,0.7,Mil-Spec Grade
SSG 08 | Calligrafaux,The Harlequin Collection,0,1,Industrial Grade
SSG 08 | Halftone Whorl,The Graphic Design Collection,0,0.5,Industrial Grade
SSG 08 | Sea Calico,The St. Marc Collection,0,0.5,Restricted
SSG 08 | Mayan Dreams,The Alpha Collection,0.06,0.8,Industrial Grade
SSG 08 | Orange Filigree,The Canals Collection,0,0.5,Mil-Spec Grade
SSG 08 | Detour,The Overpass Collection,0,0.43,Mil-Spec Grade
SSG 08 | Spring Twilly,The 2021 Train Collection,0,0.55,Mil-Spec Grade
SSG 08 | Sans Comic,The Achroma Collection,0,0.5,Consumer Grade
SSG 08 | Tiger Tear,The Boreal Collection,0,0.55,Industrial Grade
SSG 08 | Green Ceramic,The Boreal Collection,0,0.75,Consumer Grade
SSG 08 | Blue Spruce,The Safehouse Collection,0.06,0.8,Consumer Grade
SSG 08 | Red Stone,The Norse Collection,0.06,0.5,Consumer Grade
SSG 08 | Sand Dune,The Baggage Collection,0.06,0.8,Consumer Grade
SSG 08 | Grey Smoke,The Ascent Collection,0,0.6,Consumer Grade
SSG 08 | Blush Pour,The Radiant Collection,0,0.678431,Mil-Spec Grade
SSG 08 | Tropical Storm,The Mirage Collection,0.06,0.8,Industrial Grade
SSG 08 | Lichen Dashed,The Aztec Collection,0.06,0.8,Consumer Grade
SSG 08 | Jungle Dashed,The Ancient Collection,0.06,0.8,Consumer Grade
SSG 08 | Prey,The 2021 Mirage Collection,0,0.48,Consumer Grade
SSG 08 | Memorial,The Fever Collection,0,1,Mil-Spec Grade
SSG 08 | Dezastre,The Kilowatt Collection,0,1,Mil-Spec Grade
SSG 08 | Rapid Transit,The Gallery Collection,0,0.75,Restricted
Zeus x27 | Dragon Snore,The Overpass 2024 Collection,0,0.8,Classified
Zeus x27 | Swamp DDPAT,The Boreal Collection,0,0.6,Consumer Grade
Zeus x27 | Earth Mandala,The Harlequin Collection,0,0.66,Mil-Spec Grade
Zeus x27 | Electric Blue,The Ascent Collection,0,0.75,Industrial Grade
Zeus x27 | Charged Up,The Train 2025 Collection,0,1,Restricted
Zeus x27 | Olympus,The Kilowatt Collection,0,0.67,Classified
Zeus x27 | Tosai,The Fever Collection,0,0.7,Restricted
Tec-9 | Red Quartz,The Train Collection,0,0.4,Restricted
Tec-9 | Titanium Bit,The Arms Deal 3 Collection,0,0.2,Restricted
Tec-9 | Ossified,The Aztec Collection,0,0.08,Mil-Spec Grade
Tec-9 | Re-Entry,The Chroma 3 Collection,0,0.43,Restricted
Tec-9 | Ice Cap,The Gamma Collection,0,0.5,Mil-Spec Grade
Tec-9 | Blue Titanium,The Arms Deal 2 Collection,0,0.04,Mil-Spec Grade
Tec-9 | Brass,The Inferno Collection,0,1,Mil-Spec Grade
Tec-9 | Cut Out,The Operation Hydra Collection,0,1,Mil-Spec Grade
Tec-9 | Isaac,The Huntsman Collection,0,1,Mil-Spec Grade
Tec-9 | Avalanche,The Revolver Case Collection,0,1,Restricted
Tec-9 | Bamboozle,The Prisma Collection,0,0.8,Restricted
Tec-9 | Cracked Opal,The Spectrum 2 Collection,0,1,Mil-Spec Grade
Tec-9 | Flash Out,The CS20 Collection,0,0.7,Mil-Spec Grade
Tec-9 | Rebel,The Revolution Collection,0,1,Mil-Spec Grade
Tec-9 | Mummy's Rot,The Anubis Collection,0,1,Mil-Spec Grade
Tec-9 | Sandstorm,The Phoenix Collection,0.1,0.7,Mil-Spec Grade
Tec-9 | Snek-9,The Horizon Collection,0,1,Mil-Spec Grade
Tec-9 | Decimator,The Shattered Web Collection,0,0.75,Classified
Tec-9 | Remote Control,The 2018 Nuke Collection,0,1,Classified
Tec-9 | Fubar,The Danger Zone Collection,0.14,1,Mil-Spec Grade
Tec-9 | Brother,The Fracture Collection,0,1,Restricted
Tec-9 | Jambiya,The Wildfire Collection,0,1,Mil-Spec Grade
Tec-9 | Fuel Injector,The Gamma 2 Collection,0,1,Classified
Tec-9 | Blast From the Past,The Ancient Collection,0,0.65,Mil-Spec Grade
Tec-9 | Bamboo Forest,The Rising Sun Collection,0,0.6,Consumer Grade
Tec-9 | Urban DDPAT,The Bank Collection,0.06,0.8,Consumer Grade
Tec-9 | Terrace,The Rising Sun Collection,0,1,Mil-Spec Grade
Tec-9 | Hades,The Gods and Monsters Collection,0,1,Industrial Grade
Tec-9 | Safety Net,The 2021 Train Collection,0,0.6,Mil-Spec Grade
Tec-9 | Orange Murano,The Canals Collection,0,1,Industrial Grade
Tec-9 | Toxic,The Cache Collection,0,0.7,Mil-Spec Grade
Tec-9 | Phoenix Chalk,The Havoc Collection,0,0.8,Consumer Grade
Tec-9 | VariCamo,The Dust 2 Collection,0,0.6,Industrial Grade
Tec-9 | Banana Leaf,The Harlequin Collection,0,0.6,Industrial Grade
Tec-9 | Raw Ceramic,The Boreal Collection,0,0.75,Consumer Grade
Tec-9 | Groundwater,The Italy Collection,0.06,0.8,Consumer Grade
Tec-9 | Blue Blast,The Ascent Collection,0,0.8,Consumer Grade
Tec-9 | Tornado,The Alpha Collection,0.06,0.8,Consumer Grade
Tec-9 | Whiteout,The Train 2025 Collection,0.06,1,Restricted
Tec-9 | Tiger Stencil,The Sport & Field Collection,0,0.6,Industrial Grade
Tec-9 | Garter-9,The Boreal Collection,0,0.7,Industrial Grade
Tec-9 | Citric Acid,The Radiant Collection,0,0.6,Industrial Grade
Tec-9 | Rust Leaf,The St. Marc Collection,0,0.5,Industrial Grade
Tec-9 | Army Mesh,The Safehouse Collection,0,0.6,Consumer Grade
Tec-9 | Nuclear Threat,The Nuke Collection,0.06,0.8,Restricted
Tec-9 | Slag,The Kilowatt Collection,0,0.9,Mil-Spec Grade
UMP-45 | Mechanism,The 2021 Vertigo Collection,0,0.49,Industrial Grade
UMP-45 | Fade,The 2021 Dust 2 Collection,0,0.08,Classified
UMP-45 | Blaze,The Mirage Collection,0,0.08,Mil-Spec Grade
UMP-45 | Moonrise,The Prisma Collection,0,0.4,Restricted
UMP-45 | Carbon Fiber,The Bank Collection,0,0.12,Industrial Grade
UMP-45 | Oscillator,The Snakebite Collection,0,0.5,Mil-Spec Grade
UMP-45 | Grand Prix,The Chroma 2 Collection,0.25,0.35,Restricted
UMP-45 | Metal Flowers,The Operation Hydra Collection,0,0.7,Mil-Spec Grade
UMP-45 | Minotaur's Labyrinth,The Gods and Monsters Collection,0,0.39,Mil-Spec Grade
UMP-45 | Briefing,The Gamma 2 Collection,0,1,Mil-Spec Grade
UMP-45 | Primal Saber,The Chroma 3 Collection,0,0.77,Classified
UMP-45 | Riot,The Falchion Collection,0,0.7,Mil-Spec Grade
UMP-45 | Arctic Wolf,The Clutch Collection,0,0.8,Restricted
UMP-45 | Exposure,The Spectrum 2 Collection,0,0.55,Restricted
UMP-45 | Momentum,The Danger Zone Collection,0,0.5,Classified
UMP-45 | Plastique,The CS20 Collection,0,0.8,Restricted
UMP-45 | Wild Child,The Revolution Collection,0,1,Classified
UMP-45 | Corporal,The Phoenix Collection,0.05,0.75,Mil-Spec Grade
UMP-45 | Crime Scene,The Control Collection,0,0.75,Restricted
UMP-45 | Scaffold,The Spectrum Collection,0,1,Restricted
UMP-45 | Gold Bismuth,The Operation Broken Fang Collection,0,0.7,Restricted
UMP-45 | Roadblock,The Recoil Collection,0,1,Mil-Spec Grade
UMP-45 | Crimson Foil,The Sport & Field Collection,0,0.68,Restricted
UMP-45 | Day Lily,The St. Marc Collection,0,0.55,Mil-Spec Grade
UMP-45 | Facility Dark,The 2018 Nuke Collection,0,0.5,Consumer Grade
UMP-45 | Urban DDPAT,The Train Collection,0.06,0.8,Consumer Grade
UMP-45 | Gunsmoke,The Italy Collection,0.06,0.8,Industrial Grade
UMP-45 | Houndstooth,The Havoc Collection,0,0.6,Industrial Grade
UMP-45 | Labyrinth,The Breakout Collection,0,0.4,Mil-Spec Grade
UMP-45 | Mudder,The 2018 Inferno Collection,0.06,0.8,Consumer Grade
UMP-45 | Full Stop,The 2021 Train Collection,0,0.6,Mil-Spec Grade
UMP-45 | Warm Blooded,The Harlequin Collection,0,0.7,Mil-Spec Grade
UMP-45 | Caramel,The Assault Collection,0.06,0.8,Consumer Grade
UMP-45 | Indigo,The Cobblestone Collection,0.06,0.8,Consumer Grade
UMP-45 | Green Swirl,The Boreal Collection,0,0.7,Consumer Grade
UMP-45 | Scorched,The Overpass Collection,0.06,0.8,Consumer Grade
UMP-45 | Fallout Warning,The Nuke Collection,0.06,0.8,Industrial Grade
UMP-45 | Bone Pile,The Bravo Collection,0.06,0.34,Mil-Spec Grade
UMP-45 | Delusion,The Vanguard Collection,0.06,0.35,Mil-Spec Grade
UMP-45 | Motorized,The Kilowatt Collection,0,0.801418,Mil-Spec Grade
UMP-45 | Continuum,The Genesis Collection,0,1,Restricted
UMP-45 | Neo-Noir,The Gallery Collection,0,1,Classified
UMP-45 | K.O. Factory,The Fever Collection,0,1,Classified
UMP-45 | Fragment,The Dead Hand Collection,0,1,Mil-Spec Grade
UMP-45 | Late Night Transit,The Train 2025 Collection,0,1,Mil-Spec Grade
USP-S | Purple DDPAT,The 2021 Mirage Collection,0,0.55,Mil-Spec Grade
USP-S | Serum,The Arms Deal 2 Collection,0,0.25,Classified
USP-S | Target Acquired,The Control Collection,0,0.5,Classified
USP-S | Orange Anolis,The 2021 Dust 2 Collection,0,0.37,Restricted
USP-S | Dark Water,The Arms Deal Collection,0.1,0.26,Restricted
USP-S | Stainless,The Arms Deal 3 Collection,0,0.8,Mil-Spec Grade
USP-S | Caiman,The Huntsman Collection,0,0.4,Classified
USP-S | Business Class,The Baggage Collection,0,1,Mil-Spec Grade
USP-S | Black Lotus,The Operation Riptide Collection,0,0.9,Mil-Spec Grade
USP-S | Cortex,The Clutch Collection,0,1,Classified
USP-S | Cyrex,The Glove Collection,0,0.55,Restricted
USP-S | Guardian,The Phoenix Collection,0,0.38,Restricted
USP-S | Flashback,The Danger Zone Collection,0,0.5,Restricted
USP-S | Kill Confirmed,The Shadow Collection,0,1,Covert
USP-S | Monster Mashup,The Operation Broken Fang Collection,0,0.7,Classified
USP-S | Printstream,The Recoil Collection,0,0.85,Covert
USP-S | Torque,The Falchion Collection,0,0.46,Mil-Spec Grade
USP-S | Road Rash,The Overpass Collection,0,1,Restricted
USP-S | Orion,The Huntsman Collection,0,0.5,Classified
USP-S | Ticket to Hell,The Dreams & Nightmares Collection,0,0.76,Restricted
USP-S | Blueprint,The Operation Hydra Collection,0,0.86,Mil-Spec Grade
USP-S | Neo-Noir,The Spectrum Collection,0,0.7,Covert
USP-S | Lead Conduit,The Wildfire Collection,0,1,Mil-Spec Grade
USP-S | The Traitor,The Snakebite Collection,0,1,Covert
USP-S | Desert Tactical,The Anubis Collection,0,1,Industrial Grade
USP-S | Alpine Camo,The Sport & Field Collection,0,0.68,Mil-Spec Grade
USP-S | Bleeding Edge,The Radiant Collection,0,0.6,Restricted
USP-S | Royal Blue,The Cobblestone Collection,0.06,0.8,Industrial Grade
USP-S | Blood Tiger,The eSports 2014 Summer Collection,0,0.3,Mil-Spec Grade
USP-S | Overgrowth,The Bravo Collection,0.06,0.8,Restricted
USP-S | Night Ops,The Lake Collection,0,0.6,Mil-Spec Grade
USP-S | Para Green,The Chop Shop Collection,0,0.8,Industrial Grade
USP-S | Whiteout,The 2021 Train Collection,0.06,0.8,Classified
USP-S | Royal Guard,The Ascent Collection,0,0.6,Restricted
USP-S | Sleeping Potion,The Harlequin Collection,0,0.7,Restricted
USP-S | Tropical Breeze,The Boreal Collection,0,0.55,Mil-Spec Grade
USP-S | Ancient Visions,The Ancient Collection,0,0.45,Restricted
USP-S | Pathfinder,The Norse Collection,0,0.35,Industrial Grade
USP-S | Forest Leaves,The Safehouse Collection,0.06,0.8,Industrial Grade
USP-S | Check Engine,The 2018 Inferno Collection,0,0.6,Mil-Spec Grade
USP-S | 27,The Gallery Collection,0,1,Mil-Spec Grade
USP-S | PC-GRN,The Fever Collection,0,0.9,Mil-Spec Grade
USP-S | Jawbreaker,The Kilowatt Collection,0,1,Classified
USP-S | Silent Shot,The Dead Hand Collection,0,1,Mil-Spec Grade
XM1014 | Ancient Lore,The Ancient Collection,0,0.5,Restricted
XM1014 | Charter,The Control Collection,0,0.65,Consumer Grade
XM1014 | Frost Borre,The Norse Collection,0,0.5,Mil-Spec Grade
XM1014 | Elegant Vines,The 2021 Mirage Collection,0,0.37,Restricted
XM1014 | Bone Machine,The Cache Collection,0,0.6,Mil-Spec Grade
XM1014 | Zombie Offensive,The Dreams & Nightmares Collection,0,0.5,Restricted
XM1014 | Blue Steel,The Lake Collection,0,1,Industrial Grade
XM1014 | Teclu Burner,The Revolver Case Collection,0,0.65,Restricted
XM1014 | XOXO,The Snakebite Collection,0,0.9,Classified
XM1014 | Scumbria,The Shadow Collection,0,1,Mil-Spec Grade
XM1014 | Quicksilver,The Chroma Collection,0,0.5,Mil-Spec Grade
XM1014 | Ziggy,The Spectrum 2 Collection,0,0.72,Restricted
XM1014 | Seasons,The Spectrum Collection,0,0.5,Restricted
XM1014 | Red Leather,The Baggage Collection,0,0.56,Mil-Spec Grade
XM1014 | Monster Melt,The Overpass 2024 Collection,0,0.75,Restricted
XM1014 | Entombed,The Fracture Collection,0,0.5,Classified
XM1014 | Tranquility,The Vanguard Collection,0,0.5,Classified
XM1014 | Heaven Guard,The Huntsman Collection,0.03,0.5,Restricted
XM1014 | Incinegator,The Prisma Collection,0.14,0.65,Classified
XM1014 | Oxide Blaze,The Clutch Collection,0,0.7,Mil-Spec Grade
XM1014 | Hieroglyph,The Anubis Collection,0,1,Consumer Grade
XM1014 | Black Tie,The Chroma 3 Collection,0,0.75,Restricted
XM1014 | Watchdog,The Operation Riptide Collection,0,1,Mil-Spec Grade
XM1014 | Copperflage,The Boreal Collection,0,0.6,Mil-Spec Grade
XM1014 | Halftone Shift,The Graphic Design Collection,0,0.6,Mil-Spec Grade
XM1014 | Canvas Cloud,The Radiant Collection,0,0.6,Consumer Grade
XM1014 | Blaze Orange,The Militia Collection,0.06,0.8,Mil-Spec Grade
XM1014 | Banana Leaf,The St. Marc Collection,0,0.6,Industrial Grade
XM1014 | Red Python,The eSports 2014 Summer Collection,0.08,0.5,Mil-Spec Grade
XM1014 | VariCamo Blue,The Overpass Collection,0,0.5,Mil-Spec Grade
XM1014 | CaliCamo,The Italy Collection,0,0.6,Industrial Grade
XM1014 | Slipstream,The Gamma 2 Collection,0,0.5,Mil-Spec Grade
XM1014 | Gum Wall Camo,The Ascent Collection,0,0.6,Industrial Grade
XM1014 | Grassland,The Militia Collection,0.06,0.8,Consumer Grade
XM1014 | Jungle,The Alpha Collection,0.06,0.8,Consumer Grade
XM1014 | Blue Spruce,The Lake Collection,0.06,0.8,Consumer Grade
XM1014 | Solitude,Limited Edition Item,0,0.7,Restricted
XM1014 | XoooM,The Harlequin Collection,0,0.6,Industrial Grade
XM1014 | Fallout Warning,The Nuke Collection,0.06,0.8,Industrial Grade
XM1014 | Urban Perforated,The Vertigo Collection,0.06,0.8,Consumer Grade
XM1014 | Blue Tire,The 2021 Vertigo Collection,0,0.55,Consumer Grade
XM1014 | Run Run Run,The Train 2025 Collection,0,0.746575,Mil-Spec Grade
XM1014 | Irezumi,The Kilowatt Collection,0,0.799353,Mil-Spec Grade
XM1014 | Mockingbird,The Fever Collection,0,1,Mil-Spec Grade
